match_key,career_match_index,career_stage,season,season_match_number,date,day_of_week,week_of_season,days_since_last_match,match_no,total_matches_that_day,total_sets_that_day,multi_game_day,first_match_of_day,last_match_of_day,same_day_opponent_num,opponent,opponent_slug,season_opponent_num,is_repeat_opponent,deaf_school,match_type,event_name,milestone_flag,result,set_scores,set_result,was_set_swept,swept_opponent,set_count,set_diff,comeback_win,win_streak,loss_streak,total_points_for,total_points_against,margin_pct,high_margin_win,low_margin_loss,location,did_play,maxpreps
FR_09-01_TA_1,1,early,FR,1,2016-09-01,Thursday,1,0,1,1,3,False,,,1,Takoma Academy,TA,1,False,False,regular,,first MSSD match; first FR match,W,"25-22,25-19,25-13",3-0,False,True,3,3,False,1,0,75,54,0.16279069767441862,False,False,away,True,https://www.maxpreps.com/games/09-01-2016/volleyball-16/model-secondary-school-for-the-deaf-vs-takoma-academy.htm?c=RvM_PsTPpUqW-rKrugJlqw#tab=box-score&schoolid=
FR_09-09_RCSA_1,2,early,FR,2,2016-09-09,Friday,2,8,1,3,6,True,True,False,1,River City Science Academy,RCSA,1,False,False,regular,FSDB Invitational 2016,,W,"25-11,25-19",2-0,False,True,2,2,False,2,0,50,30,0.25,False,False,neutral,True,https://www.maxpreps.com/games/09-09-2016/volleyball-16/model-secondary-school-for-the-deaf-vs-river-city-science-academy.htm?c=pi9qfk1i5EmrOFHajdNXlA#tab=box-score&schoolid=
FR_09-09_INTERLACHEN_2,3,early,FR,3,2016-09-09,Friday,2,0,2,3,6,True,False,False,1,Interlachen,INTERLACHEN,1,False,False,regular,FSDB Invitational 2016,,W,"25-14,25-19",2-0,False,True,2,2,False,3,0,50,33,0.20481927710843373,False,False,neutral,True,https://www.maxpreps.com/games/09-09-2016/volleyball-16/interlachen-vs-model-secondary-school-for-the-deaf.htm?c=kA1J5gUZYkGHUe9qPJ2ZFQ#tab=box-score&schoolid=
FR_09-09_FSDB_3,4,early,FR,4,2016-09-09,Friday,2,0,3,3,6,True,False,True,1,Florida School for the Deaf & Blind,FSDB,1,False,True,regular,FSDB Invitational 2016,,W,"26-24,25-14",2-0,False,True,2,2,False,4,0,51,38,0.14606741573033707,False,False,away,True,https://www.maxpreps.com/games/09-09-2016/volleyball-16/florida-school-for-the-deaf-and-blind-vs-model-secondary-school-for-the-deaf.htm?c=57jGU_XGx064Xen13AMNDQ#tab=box-score&schoolid=
FR_09-17_AIDB_1,5,early,FR,5,2016-09-17,Saturday,3,8,1,1,3,False,,,1,Alabama School for the Deaf,AIDB,1,False,True,regular,,,W,"25-21,25-13,25-11",3-0,False,True,3,3,False,5,0,75,45,0.25,False,False,home,True,https://www.maxpreps.com/games/09-17-2016/volleyball-16/alabama-school-for-the-deaf-vs-model-secondary-school-for-the-deaf.htm?c=kXOQNahMc02EHVChPD9akw#tab=box-score&schoolid=
FR_09-20_SJDS_1,6,early,FR,6,2016-09-20,Tuesday,3,3,1,1,3,False,,,1,Smith Jewish Day School,SJDS,1,False,False,conference,,,W,"25-8,25-18,25-11",3-0,False,True,3,3,False,6,0,75,37,0.3392857142857143,False,False,home,True,https://www.maxpreps.com/games/09-20-2016/volleyball-16/model-secondary-school-for-the-deaf-vs-smith-jewish-day-school.htm?c=7PNjdNdlz0CeKtt37FNG9Q
FR_09-22_RB_1,7,early,FR,7,2016-09-22,Thursday,4,2,1,1,3,False,,,1,Riverdale Baptist,RB,1,False,False,regular,,,W,"25-16,25-12,25-22",3-0,False,True,3,3,False,7,0,75,50,0.2,False,False,away,True,https://www.maxpreps.com/games/09-22-2016/volleyball-16/model-secondary-school-for-the-deaf-vs-riverdale-baptist.htm?c=nxuukkNYG0GZqKd8l3qQdw#tab=box-score&schoolid=
FR_09-24_CSHC_1,,,FR,8,2016-09-24,Saturday,4,2,1,5,9,True,True,False,1,Connelly School of the Holy Child,CSHC,1,False,False,opponent forfeit,Model Invitational 2016,,W,,0,False,False,0,0,False,8,0,0,0,,False,False,home,False,https://www.maxpreps.com/games/09-24-2016/volleyball-16/connelly-school-of-the-holy-child-vs-model-secondary-school-for-the-deaf.htm?c=jBxjGiIWW0u7_teU_JgZVg#tab=matchup&schoolid=
FR_09-24_ISA_2,11,early,FR,9,2016-09-24,Saturday,4,0,2,5,9,True,False,False,1,Islamic Saudi Academy,ISA,1,False,False,regular,Model Invitational 2016,,L,"20-25,17-25",0-2,True,False,2,-2,False,0,1,37,50,-0.14942528735632185,False,False,home,True,https://www.maxpreps.com/games/09-24-2016/volleyball-16/islamic-saudi-academy-vs-model-secondary-school-for-the-deaf.htm?c=vIP1JGBVT0OrNQn3k7Vbug#tab=box-score&schoolid=
FR_09-24_SIDWELL_3,10,early,FR,10,2016-09-24,Saturday,4,0,3,5,9,True,False,False,1,Sidwell Friends,SIDWELL,1,False,False,regular,Model Invitational 2016,,W,"25-20,25-22",2-0,False,True,2,2,False,1,0,50,42,0.08695652173913043,False,False,home,True,https://www.maxpreps.com/games/09-24-2016/volleyball-16/model-secondary-school-for-the-deaf-vs-sidwell-friends.htm?c=JEvBgo21gkC-Z8s4LWkp1A#tab=box-score&schoolid=
FR_09-24_WILSON_4,9,early,FR,11,2016-09-24,Saturday,4,0,4,5,9,True,False,False,1,Woodrow Wilson,WILSON,1,False,False,regular,Model Invitational 2016,,L,"12-25,23-25",0-2,True,False,2,-2,False,0,1,35,50,-0.17647058823529413,False,False,home,True,https://www.maxpreps.com/games/09-24-2016/volleyball-16/jackson-reed-vs-model-secondary-school-for-the-deaf.htm?c=N6-HRS3cNkOz2AJD_0rVbw#tab=box-score&schoolid=
FR_09-24_SIDWELL_5,8,early,FR,12,2016-09-24,Saturday,4,0,5,5,9,True,False,True,2,Sidwell Friends,SIDWELL,2,True,False,regular,Model Invitational 2016,,W,"17-25,25-23,15-9",2-1,False,False,3,1,True,1,0,57,57,0.0,False,False,home,True,https://www.maxpreps.com/games/09-24-2016/volleyball-16/model-secondary-school-for-the-deaf-vs-sidwell-friends.htm?c=XwBzBi0pnUmHClGqHKF48g#tab=box-score&schoolid=
FR_09-27_MCLEAN_1,,,FR,13,2016-09-27,Tuesday,4,3,1,1,3,False,,,1,McLean,MCLEAN,1,False,False,sick,,,W,"25-13,25-12,25-4",3-0,False,True,3,3,False,2,0,75,29,0.4423076923076923,False,False,away,False,https://www.maxpreps.com/games/09-27-2016/volleyball-16/mclean-vs-model-secondary-school-for-the-deaf.htm?c=ySNeF2UEdk6EgKi-o-mblA
FR_10-04_OAKCREST_1,12,early,FR,14,2016-10-04,Tuesday,5,7,1,1,3,False,,,1,Oakcrest,OAKCREST,1,False,False,conference,,,W,"25-23,25-8,25-11",3-0,False,True,3,3,False,3,0,75,42,0.28205128205128205,False,False,home,True,https://www.maxpreps.com/games/10-04-2016/volleyball-16/model-secondary-school-for-the-deaf-vs-oakcrest.htm?c=aUV_nOezW0CdAXm48_6bgg#tab=box-score&schoolid=
FR_10-07_MSD_1,13,early,FR,15,2016-10-07,Friday,6,3,1,4,10,True,True,False,1,Maryland School for the Deaf,MSD,1,False,True,regular,SpikeOut 2016 @ Indiana,,L,"10-25,17-25",0-2,True,False,2,-2,False,0,1,27,50,-0.2987012987012987,False,False,neutral,True,https://www.maxpreps.com/games/10-07-2016/volleyball-16/maryland-school-for-the-deaf-vs-model-secondary-school-for-the-deaf.htm?c=owB3x6209kypjGTlkFpyUg#tab=box-score&schoolid=
FR_10-07_CSDR_2,14,early,FR,16,2016-10-07,Friday,6,0,2,4,10,True,False,False,1,California School for the Deaf-Riverside,CSDR,1,False,True,regular,SpikeOut 2016 @ Indiana,,W,"20-25,25-23,15-12",2-1,False,False,3,1,True,1,0,60,60,0.0,False,False,neutral,True,https://www.maxpreps.com/games/10-07-2016/volleyball-16/california-school-for-the-deaf-riverside-vs-model-secondary-school-for-the-deaf.htm?c=591mwas5f0WoifVu5uqlog#tab=box-score&schoolid=
FR_10-07_TSD_3,15,early,FR,17,2016-10-07,Friday,6,0,3,4,10,True,False,False,1,Texas School for the Deaf,TSD,1,False,True,regular,SpikeOut 2016 @ Indiana,,L,"11-25,16-25",0-2,True,False,2,-2,False,0,1,27,50,-0.2987012987012987,False,False,neutral,True,https://www.maxpreps.com/games/10-07-2016/volleyball-16/model-secondary-school-for-the-deaf-vs-texas-school-for-the-deaf.htm?c=AZ1n_IF5o0qp55V7f-lMvg#tab=box-score&schoolid=
FR_10-07_CSDF_4,16,early,FR,18,2016-10-07,Friday,6,0,4,4,10,True,False,True,1,California School for the Deaf,CSDF,1,False,True,regular,SpikeOut 2016 @ Indiana,,L,"25-21,14-25,9-15",1-2,False,False,3,-1,False,0,2,48,61,-0.11926605504587157,False,False,neutral,True,https://www.maxpreps.com/games/10-07-2016/volleyball-16/california-school-for-the-deaf-vs-model-secondary-school-for-the-deaf.htm?c=2GJMycrpkUGekllexQB5WQ#tab=box-score&schoolid=
FR_10-08_ISD_1,19,early,FR,19,2016-10-08,Saturday,6,1,1,3,7,True,True,False,1,Indiana School for the Deaf,ISD,1,False,True,regular,SpikeOut 2016 @ Indiana,,L,"14-25,14-25",0-2,True,False,2,-2,False,0,3,28,50,-0.28205128205128205,False,False,neutral,True,https://www.maxpreps.com/games/10-08-2016/volleyball-16/indiana-school-for-the-deaf-vs-model-secondary-school-for-the-deaf.htm?c=wj2y6CuesEukVstn_5dczA#tab=box-score&schoolid=
FR_10-08_CSDF_2,18,early,FR,20,2016-10-08,Saturday,6,0,2,3,7,True,False,False,1,California School for the Deaf,CSDF,2,True,True,regular,SpikeOut 2016 @ Indiana,,L,"18-25,20-25",0-2,True,False,2,-2,False,0,4,38,50,-0.13636363636363635,False,False,neutral,True,https://www.maxpreps.com/games/10-08-2016/volleyball-16/california-school-for-the-deaf-vs-model-secondary-school-for-the-deaf.htm?c=fuAmSgfRsUuIfu9RrW5Euw#tab=box-score&schoolid=
FR_10-08_CSDR_3,17,early,FR,21,2016-10-08,Saturday,6,0,3,3,7,True,False,True,1,California School for the Deaf-Riverside,CSDR,2,True,True,regular,SpikeOut 2016 @ Indiana,,L,"27-25,17-25,9-15",1-2,False,False,3,-1,False,0,5,53,65,-0.1016949152542373,False,False,neutral,True,https://www.maxpreps.com/games/10-08-2016/volleyball-16/california-school-for-the-deaf-riverside-vs-model-secondary-school-for-the-deaf.htm?c=EOTlFc410ESAEZ792PdFiA#tab=box-score&schoolid=
FR_10-11_RB_1,20,early,FR,22,2016-10-11,Tuesday,6,3,1,1,3,False,,,1,Riverdale Baptist,RB,2,True,False,regular,,,W,"25-15,25-11,25-12",3-0,False,True,3,3,False,1,0,75,38,0.3274336283185841,False,False,home,True,https://www.maxpreps.com/games/10-11-2016/volleyball-16/model-secondary-school-for-the-deaf-vs-riverdale-baptist.htm?c=LTfs0953zkmtl3g-YTlQmw#tab=box-score&schoolid=
FR_10-12_BURKE_1,21,early,FR,23,2016-10-12,Wednesday,6,1,1,1,4,False,,,1,Burke,BURKE,1,False,False,conference,,,W,"25-9,25-12,22-25,25-10",3-1,False,False,4,2,False,2,0,97,56,0.2679738562091503,False,False,away,True,https://www.maxpreps.com/games/10-12-2016/volleyball-16/burke-vs-model-secondary-school-for-the-deaf.htm?c=Us4trl_zYE-CmlSfbnhPPg#tab=box-score&schoolid=
FR_10-13_BHA_1,22,early,FR,24,2016-10-13,Thursday,7,1,1,1,3,False,,,1,Berman Hebrew Academy,BHA,1,False,False,conference,,,W,"25-3,25-4,25-9",3-0,False,True,3,3,False,3,0,75,16,0.6483516483516484,True,False,away,True,https://www.maxpreps.com/games/10-13-2016/volleyball-16/berman-hebrew-academy-vs-model-secondary-school-for-the-deaf.htm?c=wBOWsi4yKU-0NsYO6AW5gA#tab=box-score&schoolid=
FR_10-15_MISD_1,23,early,FR,25,2016-10-15,Saturday,7,2,1,1,3,False,,,1,Mississippi School for the Deaf,MISD,1,False,True,regular,,,W,"25-15,25-14,25-13",3-0,False,True,3,3,False,4,0,75,42,0.28205128205128205,False,False,home,True,https://www.maxpreps.com/games/10-15-2016/volleyball-16/mississippi-school-for-the-deaf-vs-model-secondary-school-for-the-deaf.htm?c=QLQua9MRV06tGzikyS_X5Q#tab=box-score&schoolid=
FR_10-18_SAA_1,24,early,FR,26,2016-10-18,Tuesday,7,3,1,1,3,False,,,1,Spencerville Adventist Academy,SAA,1,False,False,conference,,,W,"25-15,25-9,25-9",3-0,False,True,3,3,False,5,0,75,33,0.3888888888888889,False,False,home,True,https://www.maxpreps.com/games/10-18-2016/volleyball-16/model-secondary-school-for-the-deaf-vs-spencerville-adventist-academy.htm?c=dOdx3x38hUGxQ27mlnE5lw#tab=box-score&schoolid=
FR_10-19_WIS_1,25,early,FR,27,2016-10-19,Wednesday,7,1,1,1,5,False,,,1,Washington International,WIS,1,False,False,conference,,,L,"23-25,14-25,25-18,25-19,10-15",2-3,False,False,5,-1,False,0,1,97,102,-0.02512562814070352,False,True,home,True,https://www.maxpreps.com/games/10-19-2016/volleyball-16/model-secondary-school-for-the-deaf-vs-washington-international.htm?c=3wDvA7Z8JkS_UPTSjFy3kA#tab=box-score&schoolid=
FR_10-20_FIELD_1,26,early,FR,28,2016-10-20,Thursday,8,1,1,1,3,False,,,1,Field,FIELD,1,False,False,conference,,,W,"25-4,25-10,25-16",3-0,False,True,3,3,False,1,0,75,30,0.42857142857142855,False,False,away,True,https://www.maxpreps.com/games/10-20-2016/volleyball-16/field-vs-model-secondary-school-for-the-deaf.htm?c=c2uXDnz9_E-5t8OAyhaZdA#tab=box-score&schoolid=
FR_10-21_SRSSH_1,27,early,FR,29,2016-10-21,Friday,8,1,1,1,4,False,,,1,Stone Ridge School of the Sacred Heart,SRSSH,1,False,False,regular,,,L,"14-25,23-25,25-17,16-25",1-3,False,False,4,-2,False,0,1,78,92,-0.08235294117647059,False,True,home,True,https://www.maxpreps.com/games/10-21-2016/volleyball-16/model-secondary-school-for-the-deaf-vs-stone-ridge-school-of-the-sacred-heart.htm?c=nVB-PHRnU0W-XWA-RQ6dcg#tab=box-score&schoolid=
FR_10-24_CL_1,28,early,FR,30,2016-10-24,Monday,8,3,1,1,3,False,,,1,Covenant Life,CL,1,False,False,conference,,,L,"18-25,19-25,19-25",0-3,True,False,3,-3,False,0,2,56,75,-0.1450381679389313,False,False,away,True,https://www.maxpreps.com/games/10-24-2016/volleyball-16/covenant-life-vs-model-secondary-school-for-the-deaf.htm?c=HwFfJ1cHOESVd3ar6pDj9g#tab=box-score&schoolid=
FR_10-26_KAA_1,29,early,FR,31,2016-10-26,Wednesday,8,2,1,1,3,False,,,1,King Abdullah Academy,KAA,1,False,False,regular,,,L,"21-25,17-25,17-25",0-3,True,False,3,-3,False,0,3,55,75,-0.15384615384615385,False,False,away,True,https://www.maxpreps.com/games/10-26-2016/volleyball-16/king-abdullah-academy-vs-model-secondary-school-for-the-deaf.htm?c=-tOrhWspCEeA5i44Oqpqsg#tab=box-score&schoolid=
FR_10-27_GTD_1,30,early,FR,32,2016-10-27,Thursday,9,1,1,1,3,False,,,1,Georgetown Day,GTD,1,False,False,regular,,,L,"23-25,18-25,20-25",0-3,True,False,3,-3,False,0,4,61,75,-0.10294117647058823,False,False,away,True,https://www.maxpreps.com/games/10-27-2016/volleyball-16/georgetown-day-vs-model-secondary-school-for-the-deaf.htm?c=R3MWzYqaokauTCV50skhGg#tab=box-score&schoolid=
FR_11-08_PARKSIDE_1,31,early,FR,33,2016-11-08,Tuesday,10,12,1,1,3,False,,,1,Parkside,PARKSIDE,1,False,False,playoff,,,W,"25-10,25-13,25-7",3-0,False,True,3,3,False,1,0,75,30,0.42857142857142855,False,False,home,True,https://www.maxpreps.com/games/11-08-2016/volleyball-16/model-secondary-school-for-the-deaf-vs-parkside.htm?c=mx6fmINk5EK6YawEoc4h1A#tab=box-score&schoolid=
FR_11-09_WILSON_1,32,early,FR,34,2016-11-09,Wednesday,10,1,1,1,3,False,,,1,Woodrow Wilson,WILSON,2,True,False,playoff,DCSAA State Tournament Quarterfinals,,W,"25-21,25-17,25-15",3-0,False,True,3,3,False,2,0,75,53,0.171875,False,False,away,True,https://www.maxpreps.com/games/11-09-2016/volleyball-16/jackson-reed-vs-model-secondary-school-for-the-deaf.htm?c=RTKAoLMPCk63gR0nYK7KEw#tab=box-score&schoolid=
FR_11-10_MARET_1,33,early,FR,35,2016-11-10,Thursday,11,1,1,1,3,False,,,1,Maret,MARET,1,False,False,playoff,DCSAA State Tournament Semifinals,,W,"25-23,25-17,25-23",3-0,False,True,3,3,False,3,0,75,63,0.08695652173913043,False,False,home,True,https://www.maxpreps.com/games/11-10-2016/volleyball-16/maret-vs-model-secondary-school-for-the-deaf.htm?c=96mssrBQ20WDyAp_g56jLg#tab=box-score&schoolid=
FR_11-11_SJ_1,34,early,FR,36,2016-11-11,Friday,11,1,1,1,3,False,,,1,St. John's,SJ,1,False,False,championship,DCSAA State Tournament Championship,last FR match,L,"12-25,13-25,15-25",0-3,True,False,3,-3,False,0,1,40,75,-0.30434782608695654,False,False,neutral,True,https://www.maxpreps.com/games/11-11-2016/volleyball-16/model-secondary-school-for-the-deaf-vs-st-johns.htm?c=poFrFJ7iK0eyg9kZPUOQaw#tab=box-score&schoolid=
SO_08-29_SAA_1,35,early,SO,1,2017-08-29,Tuesday,1,291,1,1,3,False,,,1,Spencerville Adventist Academy,SAA,1,False,False,regular,,first SO match,W,"25-18,25-5,25-12",3-0,False,True,3,3,False,1,0,75,35,0.36363636363636365,False,False,home,True,https://www.maxpreps.com/games/08-29-2017/volleyball-17/model-secondary-school-for-the-deaf-vs-spencerville-adventist-academy.htm?c=EysMl__wXEWyKfHgNVfpEQ#tab=box-score&schoolid=
SO_09-05_MARET_1,36,early,SO,2,2017-09-05,Tuesday,2,7,1,1,3,False,,,1,Maret,MARET,1,False,False,regular,,,L,"19-25,14-25,18-25",0-3,True,False,3,-3,False,0,1,51,75,-0.19047619047619047,False,False,away,True,https://www.maxpreps.com/games/09-05-2017/volleyball-17/maret-vs-model-secondary-school-for-the-deaf.htm?c=cnUwxUF910qvo_byQLATdQ#tab=box-score&schoolid=
SO_09-07_BW_1,37,early,SO,3,2017-09-07,Thursday,2,2,1,1,3,False,,,1,Brookewood,BW,1,False,False,regular,,,W,"25-8,25-16,25-6",3-0,False,True,3,3,False,1,0,75,30,0.42857142857142855,False,False,home,True,https://www.maxpreps.com/games/09-07-2017/volleyball-17/brookewood-vs-model-secondary-school-for-the-deaf.htm?c=6TewSwa2p0eGwUFJqfNdbA#tab=box-score&schoolid=
SO_09-09_AASD_1,38,early,SO,4,2017-09-09,Saturday,2,2,1,2,6,True,True,False,1,Atlanta Area School for the Deaf,AASD,1,False,True,regular,,,W,"25-6,25-10,25-9",3-0,False,True,3,3,False,2,0,75,25,0.5,False,False,neutral,True,https://www.maxpreps.com/games/09-09-2017/volleyball-17/atlanta-area-school-for-the-deaf-vs-model-secondary-school-for-the-deaf.htm?c=NGJtcTostUS-zUwoR-XM_g#tab=box-score&schoolid=
SO_09-09_AIDB_2,39,mid,SO,5,2017-09-09,Saturday,2,0,2,2,6,True,False,True,1,Alabama School for the Deaf,AIDB,1,False,True,regular,,,W,"25-13,25-9,25-10",3-0,False,True,3,3,False,3,0,75,32,0.40186915887850466,False,False,away,True,https://www.maxpreps.com/games/09-09-2017/volleyball-17/alabama-school-for-the-deaf-vs-model-secondary-school-for-the-deaf.htm?c=Ed5SCbZmm0yep11pUl3Caw#tab=box-score&schoolid=
SO_09-12_WCA_1,40,mid,SO,6,2017-09-12,Tuesday,3,3,1,1,3,False,,,1,Washington Christian Academy,WCA,1,False,False,conference,,,W,"25-8,25-11,25-12",3-0,False,True,3,3,False,4,0,75,31,0.41509433962264153,False,False,away,True,https://www.maxpreps.com/games/09-12-2017/volleyball-17/model-secondary-school-for-the-deaf-vs-washington-christian-academy.htm?c=mujWv8l3TkaJ3JtoMOy_Eg#tab=box-score&schoolid=
SO_09-14_MCLEAN_1,41,mid,SO,7,2017-09-14,Thursday,3,2,1,1,3,False,,,1,McLean,MCLEAN,1,False,False,conference,,,W,"25-8,25-10,25-12",3-0,False,True,3,3,False,5,0,75,30,0.42857142857142855,False,False,home,True,https://www.maxpreps.com/games/09-14-2017/volleyball-17/mclean-vs-model-secondary-school-for-the-deaf.htm?c=a9ksnSw3I025jlIEVO8hMw#tab=box-score&schoolid=
SO_09-16_FRIENDS_1,42,mid,SO,8,2017-09-16,Saturday,3,2,1,1,3,False,,,1,Friends,FRIENDS,1,False,False,regular,,,W,"25-15,25-17,25-8",3-0,False,True,3,3,False,6,0,75,40,0.30434782608695654,False,False,home,True,https://www.maxpreps.com/games/09-16-2017/volleyball-17/friends-vs-model-secondary-school-for-the-deaf.htm?c=sOtrffr4_kOXt-grb9UdRA#tab=box-score&schoolid=
SO_09-18_BHA_1,,,SO,9,2017-09-18,Monday,3,2,1,1,3,False,,,1,Berman Hebrew Academy,BHA,1,False,False,sick,,,W,"25-10,25-6,25-9",3-0,False,True,3,3,False,7,0,75,25,0.5,False,False,home,False,https://www.maxpreps.com/games/09-18-2017/volleyball-17/berman-hebrew-academy-vs-model-secondary-school-for-the-deaf.htm?c=p1PM8dzkQkagnlgqSuigBA#tab=box-score&schoolid=
SO_09-19_BOHS_1,43,mid,SO,10,2017-09-19,Tuesday,4,1,1,1,3,False,,,1,Bishop O'Connell,BOHS,1,False,False,regular,,,L,"23-25,12-25,16-25",0-3,True,False,3,-3,False,0,1,51,75,-0.19047619047619047,False,False,away,True,https://www.maxpreps.com/games/09-19-2017/volleyball-17/bishop-oconnell-vs-model-secondary-school-for-the-deaf.htm?c=uXQAlUqtb0ycWUXwSNnzlw#tab=box-score&schoolid=
SO_09-21_GCA_1,44,mid,SO,11,2017-09-21,Thursday,4,2,1,1,3,False,,,1,Grace Christian Academy,GCA,1,False,False,regular,,,W,"25-20,25-16,25-11",3-0,False,True,3,3,False,1,0,75,47,0.22950819672131148,False,False,away,True,https://www.maxpreps.com/games/09-21-2017/volleyball-17/grace-christian-academy-vs-model-secondary-school-for-the-deaf.htm?c=6iQcV7vUBku93iL_EBh5cg#tab=box-score&schoolid=
SO_09-23_SIDWELL_1,47,mid,SO,12,2017-09-23,Saturday,4,2,1,4,10,True,True,False,1,Sidwell Friends,SIDWELL,1,False,False,regular,Model Invitational 2017,,L,"25-14,21-25,15-13",1-2,False,False,3,-1,False,0,1,61,52,0.07964601769911504,False,True,home,True,https://www.maxpreps.com/games/09-23-2017/volleyball-17/model-secondary-school-for-the-deaf-vs-sidwell-friends.htm?c=RHS_XupWN0aw0EUBp_7UvQ#tab=box-score&schoolid=
SO_09-23_KAA_2,48,mid,SO,13,2017-09-23,Saturday,4,0,2,4,10,True,False,False,1,King Abdullah Academy,KAA,1,False,False,regular,Model Invitational 2017,,W,"25-22,16-25,15-12",2-1,False,False,3,1,False,1,0,56,59,-0.02608695652173913,False,False,home,True,https://www.maxpreps.com/games/09-23-2017/volleyball-17/king-abdullah-academy-vs-model-secondary-school-for-the-deaf.htm?c=98zdz76AtE2OsGyZS2GxxA
SO_09-23_HAYNES_3,46,mid,SO,14,2017-09-23,Saturday,4,0,3,4,10,True,False,False,1,E.L. Haynes,HAYNES,1,False,False,regular,Model Invitational 2017,,W,"25-7,25-14",2-0,False,True,2,2,False,2,0,50,21,0.4084507042253521,False,False,home,True,https://www.maxpreps.com/games/09-23-2017/volleyball-17/el-haynes-vs-model-secondary-school-for-the-deaf.htm?c=cynbtw0G0UG9n-coKiZarQ
SO_09-23_WILSON_4,45,mid,SO,15,2017-09-23,Saturday,4,0,4,4,10,True,False,True,1,Woodrow Wilson,WILSON,1,False,False,regular,Model Invitational 2017,,L,"8-25,19-25",0-2,True,False,2,-2,False,0,1,27,50,-0.2987012987012987,False,False,home,True,https://www.maxpreps.com/games/09-23-2017/volleyball-17/jackson-reed-vs-model-secondary-school-for-the-deaf.htm?c=x_o0b4vbv0qqMUYXQm1IBw
SO_09-26_CL_1,49,mid,SO,16,2017-09-26,Tuesday,5,3,1,1,4,False,,,1,Covenant Life,CL,1,False,False,regular,,,L,"25-20,21-25,18-25,5-25",1-3,False,False,4,-2,False,0,2,69,95,-0.15853658536585366,False,False,away,True,https://www.maxpreps.com/games/09-26-2017/volleyball-17/covenant-life-vs-model-secondary-school-for-the-deaf.htm?c=MH9f-mHZHUO8KB0Yr88X_Q
SO_09-28_SJDS_1,50,mid,SO,17,2017-09-28,Thursday,5,2,1,1,3,False,,,1,Smith Jewish Day School,SJDS,1,False,False,conference,,,W,"25-11,25-9,25-18",3-0,False,True,3,3,False,1,0,75,38,0.3274336283185841,False,False,away,True,https://www.maxpreps.com/games/09-28-2017/volleyball-17/model-secondary-school-for-the-deaf-vs-smith-jewish-day-school.htm?c=dlMsvqtOiU2j73ldjH2LDA
SO_10-03_WIS_1,51,mid,SO,18,2017-10-03,Tuesday,6,5,1,1,4,False,,,1,Washington International,WIS,1,False,False,conference,,,L,"27-29,25-21,16-25,24-26",1-3,False,False,4,-2,False,0,1,92,101,-0.046632124352331605,False,True,away,True,https://www.maxpreps.com/games/10-03-2017/volleyball-17/model-secondary-school-for-the-deaf-vs-washington-international.htm?c=jrstwNpaT0GWB17JC1LkMQ
SO_10-06_TSD_1,53,mid,SO,19,2017-10-06,Friday,6,3,1,4,10,True,True,False,1,Texas School for the Deaf,TSD,1,False,True,regular,SpikeOut 2017 @ Maryland,,L,"13-25,10-25",0-2,True,False,2,-2,False,0,2,23,50,-0.3698630136986301,False,False,neutral,True,https://www.maxpreps.com/games/10-06-2017/volleyball-17/model-secondary-school-for-the-deaf-vs-texas-school-for-the-deaf.htm?c=gxcwFT9oGkmglyPAEnMJeQ
SO_10-06_MSD_2,54,mid,SO,20,2017-10-06,Friday,6,0,2,4,10,True,False,False,1,Maryland School for the Deaf,MSD,1,False,True,regular,SpikeOut 2017 @ Maryland,,L,"21-25,19-25",0-2,True,False,2,-2,False,0,3,40,50,-0.1111111111111111,False,False,neutral,True,https://www.maxpreps.com/games/10-06-2017/volleyball-17/maryland-school-for-the-deaf-vs-model-secondary-school-for-the-deaf.htm?c=Mf8qEjwq6k-qnIN5HvixWw
SO_10-06_CSDR_3,55,mid,SO,21,2017-10-06,Friday,6,0,3,4,10,True,False,False,1,California School for the Deaf-Riverside,CSDR,1,False,True,regular,SpikeOut 2017 @ Maryland,,W,"20-25,25-20,15-7",2-1,False,False,3,1,True,1,0,60,52,0.07142857142857142,False,False,neutral,True,https://www.maxpreps.com/games/10-06-2017/volleyball-17/california-school-for-the-deaf-riverside-vs-model-secondary-school-for-the-deaf.htm?c=00ZR6rrHq0Kljg4epxysZQ
SO_10-06_CSDF_4,52,mid,SO,22,2017-10-06,Friday,6,0,4,4,10,True,False,True,1,California School for the Deaf,CSDF,1,False,True,regular,SpikeOut 2017 @ Maryland,,L,"25-19,25-20,9-15",1-2,False,False,3,-1,False,0,1,59,54,0.04424778761061947,False,True,neutral,True,https://www.maxpreps.com/games/10-06-2017/volleyball-17/california-school-for-the-deaf-vs-model-secondary-school-for-the-deaf.htm?c=bdN5cNz-DU6SN0Ncuha9aA
SO_10-07_CSDR_1,57,mid,SO,23,2017-10-07,Saturday,6,1,1,3,8,True,True,False,1,California School for the Deaf-Riverside,CSDR,2,True,True,regular,SpikeOut 2017 @ Maryland,,L,"25-20,19-25,9-15",1-2,False,False,3,-1,False,0,2,53,60,-0.061946902654867256,False,True,neutral,True,https://www.maxpreps.com/games/10-07-2017/volleyball-17/california-school-for-the-deaf-riverside-vs-model-secondary-school-for-the-deaf.htm?c=paUazO1QJkO9ZedkCKvkeg#tab=box-score&schoolid=
SO_10-07_ISD_2,58,mid,SO,24,2017-10-07,Saturday,6,0,2,3,8,True,False,False,1,Indiana School for the Deaf,ISD,1,False,True,regular,SpikeOut 2017 @ Maryland,,L,"14-25,17-25",0-2,True,False,2,-2,False,0,3,31,50,-0.2345679012345679,False,False,neutral,True,https://www.maxpreps.com/games/10-07-2017/volleyball-17/indiana-school-for-the-deaf-vs-model-secondary-school-for-the-deaf.htm?c=BX9GBKTUVU6seVpehhWDvw#tab=box-score&schoolid=
SO_10-07_CSDF_3,56,mid,SO,25,2017-10-07,Saturday,6,0,3,3,8,True,False,True,1,California School for the Deaf,CSDF,2,True,True,regular,SpikeOut 2017 @ Maryland,,L,"17-25,25-21,10-15",1-2,False,False,3,-1,False,0,4,52,61,-0.07964601769911504,False,True,neutral,True,https://www.maxpreps.com/games/10-07-2017/volleyball-17/california-school-for-the-deaf-vs-model-secondary-school-for-the-deaf.htm?c=CIFqlGLbYUSJTqp2kWgLpQ#tab=box-score&schoolid=
SO_10-10_BURKE_1,59,mid,SO,26,2017-10-10,Tuesday,7,3,1,1,3,False,,,1,Burke,BURKE,1,False,False,conference,,,W,"25-13,25-13,26-24",3-0,False,True,3,3,False,1,0,76,50,0.20634920634920634,False,False,home,True,https://www.maxpreps.com/games/10-10-2017/volleyball-17/burke-vs-model-secondary-school-for-the-deaf.htm?c=qRN855amgEGJuhLVyPzHdg#tab=box-score&schoolid=
SO_10-12_CGC_1,60,mid,SO,27,2017-10-12,Thursday,7,2,1,1,3,False,,,1,Clinton Grace Christian,CGC,1,False,False,regular,,,W,"25-8,26-24,25-16",3-0,False,True,3,3,False,2,0,76,48,0.22580645161290322,False,False,away,True,https://www.maxpreps.com/games/10-12-2017/volleyball-17/clinton-grace-christian-vs-model-secondary-school-for-the-deaf.htm?c=y9w5ED6PvUiDFWFn1eR4IQ#tab=box-score&schoolid=
SO_10-14_BELL_1,61,mid,SO,28,2017-10-14,Saturday,7,2,1,1,3,False,,,1,Bell,BELL,1,False,False,regular,,,W,"25-8,25-18,25-15",3-0,False,True,3,3,False,3,0,75,41,0.29310344827586204,False,False,home,True,https://www.maxpreps.com/games/10-14-2017/volleyball-17/bell-vs-model-secondary-school-for-the-deaf.htm?c=c9OwnbMPjUCLQC3kcrOvDQ#tab=box-score&schoolid=
SO_10-17_FIELD_1,62,mid,SO,29,2017-10-17,Tuesday,8,3,1,1,3,False,,,1,Field,FIELD,1,False,False,conference,,,W,"25-4,25-18,25-15",3-0,False,True,3,3,False,4,0,75,37,0.3392857142857143,False,False,home,True,https://www.maxpreps.com/games/10-17-2017/volleyball-17/field-vs-model-secondary-school-for-the-deaf.htm?c=8w7Gs_HmcUyUJ_S9f3kqHw#tab=box-score&schoolid=
SO_10-18_BIHS_1,63,mid,SO,30,2017-10-18,Wednesday,8,1,1,1,3,False,,,1,Bishop Ireton,BIHS,1,False,False,regular,,,L,"13-25,9-25,24-26",0-3,True,False,3,-3,False,0,1,46,76,-0.2459016393442623,False,False,away,True,https://www.maxpreps.com/games/10-18-2017/volleyball-17/bishop-ireton-vs-model-secondary-school-for-the-deaf.htm?c=ewkFjQ4ws0izvro7VJS3Mw#tab=box-score&schoolid=
SO_10-20_KAA_1,64,mid,SO,31,2017-10-20,Friday,8,2,1,1,3,False,,,1,King Abdullah Academy,KAA,2,True,False,regular,,,L,"15-25,12-25,14-25",0-3,True,False,3,-3,False,0,2,41,75,-0.29310344827586204,False,False,away,True,https://www.maxpreps.com/games/10-20-2017/volleyball-17/king-abdullah-academy-vs-model-secondary-school-for-the-deaf.htm?c=TKdaUiuchkKoNHv-qxDIgw#tab=box-score&schoolid=
SO_10-23_WCA_1,65,mid,SO,32,2017-10-23,Monday,8,3,1,1,3,False,,,1,Washington Christian Academy,WCA,2,True,False,playoff,PVAC Tournament Quarterfinals,,W,"25-13,25-12,25-16",3-0,False,True,3,3,False,1,0,75,41,0.29310344827586204,False,False,home,True,https://www.maxpreps.com/games/10-23-2017/volleyball-17/model-secondary-school-for-the-deaf-vs-washington-christian-academy.htm?c=TqhVQMTbjkSmgW_8cVZouA#tab=box-score&schoolid=
SO_10-25_BURKE_1,66,mid,SO,33,2017-10-25,Wednesday,9,2,1,1,3,False,,,1,Burke,BURKE,2,True,False,playoff,PVAC Tournament Semifinals,,W,"25-14,25-17,25-19",3-0,False,True,3,3,False,2,0,75,50,0.2,False,False,home,True,https://www.maxpreps.com/games/10-25-2017/volleyball-17/burke-vs-model-secondary-school-for-the-deaf.htm?c=t8WQCuybzE2a7UwSAoYrzQ#tab=box-score&schoolid=
SO_10-30_WIS_1,67,mid,SO,34,2017-10-30,Monday,9,5,1,1,5,False,,,1,Washington International,WIS,2,True,False,championship,PVAC Tournament Championship,,L,"15-25,25-22,18-25,27-25,5-15",2-3,False,False,5,-1,False,0,1,90,112,-0.10891089108910891,False,False,neutral,True,https://www.maxpreps.com/games/10-30-2017/volleyball-17/model-secondary-school-for-the-deaf-vs-washington-international.htm?c=2xDX85iRNUeMz7kyjsoDdg#tab=box-score&schoolid=
SO_11-07_BELL_1,,,SO,35,2017-11-07,Tuesday,11,8,1,1,4,False,,,1,Bell,BELL,2,True,False,injured,DCSAA State Tournament First Round,,W,"25-22,17-25,25-23,25-11",3-1,False,False,4,2,False,1,0,92,81,0.06358381502890173,False,False,away,False,https://www.maxpreps.com/games/11-07-2017/volleyball-17/bell-vs-model-secondary-school-for-the-deaf.htm?c=DCmDMylQvk6uHxM8pPAJRA#tab=box-score&schoolid=
SO_11-08_WILSON_1,,,SO,36,2017-11-08,Wednesday,11,1,1,1,3,False,,,1,Woodrow Wilson,WILSON,2,True,False,injured,DCSAA State Tournament Quarterfinals,last SO match,L,"10-25,8-25,10-25",0-3,True,False,3,-3,False,0,1,28,75,-0.4563106796116505,False,False,away,False,https://www.maxpreps.com/games/11-08-2017/volleyball-17/jackson-reed-vs-model-secondary-school-for-the-deaf.htm?c=q7lwwGAjd0KkLuhmfcTsHA#tab=box-score&schoolid=
JR_08-30_SAA_1,68,mid,JR,1,2018-08-30,Thursday,1,295,1,1,4,False,,,1,Spencerville Adventist Academy,SAA,1,False,False,conference,,first JR match,W,"19-25,25-9,25-14,25-21",3-1,False,False,4,2,True,1,0,94,69,0.15337423312883436,False,False,away,True,https://www.maxpreps.com/games/08-30-2018/volleyball-18/model-secondary-school-for-the-deaf-vs-spencerville-adventist-academy.htm?c=Trv2Kp4x9EKdJq0e1oDbzw
JR_09-01_PALLOTTI_1,69,mid,JR,2,2018-09-01,Saturday,1,2,1,3,7,True,True,False,1,Pallotti,PALLOTTI,1,False,False,regular,,,W,"25-21,25-18",2-0,False,True,2,2,False,2,0,50,39,0.12359550561797752,False,False,home,True,https://www.maxpreps.com/games/09-01-2018/volleyball-18/model-secondary-school-for-the-deaf-vs-pallotti.htm?c=EgDQMP6Z5UKxE5FvP-M4Dw
JR_09-01_CGC_2,70,mid,JR,3,2018-09-01,Saturday,1,0,2,3,7,True,False,False,1,Clinton Grace Christian,CGC,1,False,False,regular,,,W,,2-1,False,False,3,1,False,3,0,0,0,,False,False,home,True,https://www.maxpreps.com/games/09-01-2018/volleyball-18/clinton-grace-christian-vs-model-secondary-school-for-the-deaf.htm?c=_-Hn1q-o5Uq0RqFsMu-itw
JR_09-01_SETON_3,71,mid,JR,4,2018-09-01,Saturday,1,0,3,3,7,True,False,True,1,Seton School,SETON,1,False,False,regular,,,L,"12-25,14-25",0-2,True,False,2,-2,False,0,1,26,50,-0.3157894736842105,False,False,home,True,https://www.maxpreps.com/games/09-01-2018/volleyball-18/model-secondary-school-for-the-deaf-vs-seton.htm?c=atGCfmP2hUy1VbvrAWtceA
JR_09-03_CL_1,72,mid,JR,5,2018-09-03,Monday,1,2,1,1,3,False,,,1,Covenant Life,CL,1,False,False,regular,,,L,"12-25,17-25,8-25",0-3,True,False,3,-3,False,0,2,37,75,-0.3392857142857143,False,False,away,True,https://www.maxpreps.com/games/09-03-2018/volleyball-18/covenant-life-vs-model-secondary-school-for-the-deaf.htm?c=CZtNPXZpiUmrFVsoIHCv6Q
JR_09-05_BURKE_1,73,mid,JR,6,2018-09-05,Wednesday,1,2,1,1,3,False,,,1,Burke,BURKE,1,False,False,conference,,,W,"25-9,25-16,25-11",3-0,False,True,3,3,False,1,0,75,36,0.35135135135135137,False,False,away,True,https://www.maxpreps.com/games/09-05-2018/volleyball-18/burke-vs-model-secondary-school-for-the-deaf.htm?c=1Cm9G6Pz20emjhgVSKRqkg
JR_09-08_GC_1,76,mid,JR,7,2018-09-08,Saturday,2,3,1,3,6,True,True,False,1,Grace Christian,GC,1,False,False,regular,Fredericksburg Invitational 2018,,W,"25-23,25-21",2-0,False,True,2,2,False,2,0,50,44,0.06382978723404255,False,False,neutral,True,https://www.maxpreps.com/games/09-08-2018/volleyball-18/grace-christian-vs-model-secondary-school-for-the-deaf.htm?c=zy-nprt3g0m9hLnq5y_YhA
JR_09-08_SB_2,74,mid,JR,8,2018-09-08,Saturday,2,0,2,3,6,True,False,False,1,StoneBridge,SB,1,False,False,regular,Fredericksburg Invitational 2018,,L,"10-25,22-25",0-2,True,False,2,-2,False,0,1,32,50,-0.21951219512195122,False,False,neutral,True,https://www.maxpreps.com/games/09-08-2018/volleyball-18/model-secondary-school-for-the-deaf-vs-stonebridge.htm?c=L9xD3wiE50GbYdoCDbVLxg
JR_09-08_FCHS_3,75,mid,JR,9,2018-09-08,Saturday,2,0,3,3,6,True,False,True,1,Fredericksburg Christian,FCHS,1,False,False,regular,Fredericksburg Invitational 2018,,L,"12-25,16-25",0-2,True,False,2,-2,False,0,2,28,50,-0.28205128205128205,False,False,neutral,True,https://www.maxpreps.com/games/9-8-2018/volleyball-18/fredericksburg-christian-vs-model-secondary-school-for-the-deaf.htm?c=2-vXWUZlM0iZyaZnCRkk7A#tab=box-score&schoolid=
JR_09-11_RB_1,77,mid,JR,10,2018-09-11,Tuesday,2,3,1,1,3,False,,,1,Riverdale Baptist,RB,1,False,False,regular,,,L,"11-25,15-25,25-27",0-3,True,False,3,-3,False,0,3,51,77,-0.203125,False,False,away,True,https://www.maxpreps.com/games/09-11-2018/volleyball-18/model-secondary-school-for-the-deaf-vs-riverdale-baptist.htm?c=3O-Bxg3_UkStKV_mObir_A
JR_09-13_SSFS_1,78,mid,JR,11,2018-09-13,Thursday,3,2,1,1,3,False,,,1,Sandy Spring Friends,SSFS,1,False,False,conference,,,W,"25-13,25-11,25-14",3-0,False,True,3,3,False,1,0,75,38,0.3274336283185841,False,False,away,True,https://www.maxpreps.com/games/09-13-2018/volleyball-18/model-secondary-school-for-the-deaf-vs-sandy-spring-friends.htm?c=0FXoP1T_pkukrAqKPjs5HQ
JR_09-15_SWW_1,79,mid,JR,12,2018-09-15,Saturday,3,2,1,1,3,False,,,1,School Without Walls,SWW,1,False,False,regular,,,W,,3-0,False,True,3,3,False,2,0,0,0,,False,False,home,True,https://www.maxpreps.com/games/09-15-2018/volleyball-18/model-secondary-school-for-the-deaf-vs-school-without-walls.htm?c=rQqfNw5pxECNGfKfVVq5Xg
JR_09-18_WCA_1,80,mid,JR,13,2018-09-18,Tuesday,3,3,1,1,3,False,,,1,Washington Christian Academy,WCA,1,False,False,conference,,,W,"25-6,25-15,25-17",3-0,False,True,3,3,False,3,0,75,38,0.3274336283185841,False,False,home,True,https://www.maxpreps.com/games/09-18-2018/volleyball-18/model-secondary-school-for-the-deaf-vs-washington-christian-academy.htm?c=txnlzEGwrkWFBM3aMOgOGQ
JR_09-20_BIHS_1,81,mid,JR,14,2018-09-20,Thursday,4,2,1,1,3,False,,,1,Bishop Ireton,BIHS,1,False,False,regular,,,L,"13-25,15-25,25-27",0-3,True,False,3,-3,False,0,1,53,77,-0.18461538461538463,False,False,away,True,https://www.maxpreps.com/games/09-20-2018/volleyball-18/bishop-ireton-vs-model-secondary-school-for-the-deaf.htm?c=LdyBEaaPEEyQrcStdGDcTQ#tab=box-score&schoolid=
JR_09-22_RB_1,82,mid,JR,15,2018-09-22,Saturday,4,2,1,6,14,True,True,False,1,Riverdale Baptist,RB,2,True,False,regular,Model Invitational 2018,,W,"25-15,25-21",2-0,False,True,2,2,False,1,0,50,36,0.16279069767441862,False,False,home,True,https://www.maxpreps.com/games/09-22-2018/volleyball-18/model-secondary-school-for-the-deaf-vs-riverdale-baptist.htm?c=L4mANmlkLk6CzD58AWzeLQ#tab=matchup&schoolid=
JR_09-22_BULLIS_2,83,mid,JR,16,2018-09-22,Saturday,4,0,2,6,14,True,False,False,1,Bullis,BULLIS,1,False,False,regular,Model Invitational 2018,,W,"25-13,25-19",2-0,False,True,2,2,False,2,0,50,32,0.21951219512195122,False,False,home,True,https://www.maxpreps.com/games/09-22-2018/volleyball-18/bullis-vs-model-secondary-school-for-the-deaf.htm?c=3SD-UNh5mEOX8YOLnarH9A#tab=matchup&schoolid=
JR_09-22_SWW_3,84,mid,JR,17,2018-09-22,Saturday,4,0,3,6,14,True,False,False,1,School Without Walls,SWW,2,True,False,regular,Model Invitational 2018,,W,"25-11,21-25,15-8",2-1,False,False,3,1,False,3,0,61,44,0.1619047619047619,False,False,home,True,https://www.maxpreps.com/games/09-22-2018/volleyball-18/model-secondary-school-for-the-deaf-vs-school-without-walls.htm?c=lqOwny0Zw0a-06rgbao-Sw#tab=matchup&schoolid=
JR_09-22_MCLEAN_4,85,mid,JR,18,2018-09-22,Saturday,4,0,4,6,14,True,False,False,1,McLean,MCLEAN,1,False,False,regular,Model Invitational 2018,,W,"25-8,25-14",2-0,False,True,2,2,False,4,0,50,22,0.3888888888888889,False,False,home,True,https://www.maxpreps.com/games/09-22-2018/volleyball-18/mclean-vs-model-secondary-school-for-the-deaf.htm?c=vbfUz_4fdkasJDsEZa5Aew#tab=matchup&schoolid=
JR_09-22_SIDWELL_5,86,mid,JR,19,2018-09-22,Saturday,4,0,5,6,14,True,False,False,1,Sidwell Friends,SIDWELL,1,False,False,regular,Model Invitational 2018,,L,"9-25,14-25",0-2,True,False,2,-2,False,0,1,23,50,-0.3698630136986301,False,False,home,True,https://www.maxpreps.com/games/09-22-2018/volleyball-18/model-secondary-school-for-the-deaf-vs-sidwell-friends.htm?c=V8E-v5TQb0-5SYbGZuxjag#tab=box-score&schoolid=
JR_09-22_MACA_6,87,mid,JR,20,2018-09-22,Saturday,4,0,6,6,14,True,False,True,1,Mount Airy Christian Academy,MACA,1,False,False,regular,Model Invitational 2018,,W,"14-25,25-19,15-8",2-1,False,False,3,1,True,1,0,54,52,0.018867924528301886,False,False,home,True,https://www.maxpreps.com/games/09-22-2018/volleyball-18/model-secondary-school-for-the-deaf-vs-mount-airy-christian-academy.htm?c=hU2aP2JC3E-i79LQGtxKMw#tab=box-score&schoolid=
JR_09-27_BOHS_1,88,mid,JR,21,2018-09-27,Thursday,5,5,1,1,3,False,,,1,Bishop O'Connell,BOHS,1,False,False,injured,,,L,"10-25,7-25,3-25",0-3,True,False,3,-3,False,0,1,20,75,-0.5789473684210527,False,False,home,True,https://www.maxpreps.com/games/09-27-2018/volleyball-18/bishop-oconnell-vs-model-secondary-school-for-the-deaf.htm?c=AWUtist-nUCY1vJIbDNbdQ#tab=box-score&schoolid=
JR_10-02_CGC_1,89,mid,JR,22,2018-10-02,Tuesday,5,5,1,1,3,False,,,1,Clinton Grace Christian,CGC,2,True,False,conference,,,W,"25-17,25-13,25-10",3-0,False,True,3,3,False,1,0,75,40,0.30434782608695654,False,False,home,True,https://www.maxpreps.com/games/10-02-2018/volleyball-18/clinton-grace-christian-vs-model-secondary-school-for-the-deaf.htm?c=zs58NEQ3CEWFAWLCnEqX7A
JR_10-03_SJDS_1,90,mid,JR,23,2018-10-03,Wednesday,5,1,1,1,3,False,,,1,Smith Jewish Day School,SJDS,1,False,False,regular,,,W,"25-16,25-13,25-23",3-0,False,True,3,3,False,2,0,75,52,0.18110236220472442,False,False,away,True,https://www.maxpreps.com/games/10-03-2018/volleyball-18/model-secondary-school-for-the-deaf-vs-smith-jewish-day-school.htm?c=lEmjdylP3kasneLg6tCs-A#tab=matchup&schoolid=
JR_10-05_CSDF_1,93,mid,JR,24,2018-10-05,Friday,6,2,1,4,9,True,True,False,1,California School for the Deaf,CSDF,1,False,True,regular,SpikeOut 2018 @ Model,,L,"17-25,11-25",0-2,True,False,2,-2,False,0,1,28,50,-0.28205128205128205,False,False,home,True,https://www.maxpreps.com/games/10-05-2018/volleyball-18/california-school-for-the-deaf-vs-model-secondary-school-for-the-deaf.htm?c=uTfrWXjXC0ab2OnZko5ZWQ#tab=box-score&schoolid=
JR_10-05_CSDR_2,94,mid,JR,25,2018-10-05,Friday,6,0,2,4,9,True,False,False,1,California School for the Deaf-Riverside,CSDR,1,False,True,regular,SpikeOut 2018 @ Model,,L,"19-25,19-25",0-2,True,False,2,-2,False,0,2,38,50,-0.13636363636363635,False,False,home,True,https://www.maxpreps.com/games/10-05-2018/volleyball-18/california-school-for-the-deaf-riverside-vs-model-secondary-school-for-the-deaf.htm?c=KhNLA8DP6UqZWJwhQMZBqA#tab=box-score&schoolid=
JR_10-05_TSD_3,91,mid,JR,26,2018-10-05,Friday,6,0,3,4,9,True,False,False,1,Texas School for the Deaf,TSD,1,False,True,regular,SpikeOut 2018 @ Model,,L,"10-25,13-25",0-2,True,False,2,-2,False,0,3,23,50,-0.3698630136986301,False,False,home,True,https://www.maxpreps.com/games/10-05-2018/volleyball-18/model-secondary-school-for-the-deaf-vs-texas-school-for-the-deaf.htm?c=npmD644d_kyYdOwKEBpoPw#tab=box-score&schoolid=
JR_10-05_MSD_4,92,mid,JR,27,2018-10-05,Friday,6,0,4,4,9,True,False,True,1,Maryland School for the Deaf,MSD,1,False,True,regular,SpikeOut 2018 @ Model,,L,"25-20,15-25,13-15",1-2,False,False,3,-1,False,0,4,53,60,-0.061946902654867256,False,True,home,True,https://www.maxpreps.com/games/10-05-2018/volleyball-18/maryland-school-for-the-deaf-vs-model-secondary-school-for-the-deaf.htm?c=c08RkMwexU2tiK_VWEirJA#tab=matchup&schoolid=
JR_10-06_ISD_1,95,mid,JR,28,2018-10-06,Saturday,6,1,1,3,6,True,True,False,1,Indiana School for the Deaf,ISD,1,False,True,regular,SpikeOut 2018 @ Model,,L,"17-25,19-25",0-2,True,False,2,-2,False,0,5,36,50,-0.16279069767441862,False,False,home,True,https://www.maxpreps.com/games/10-06-2018/volleyball-18/indiana-school-for-the-deaf-vs-model-secondary-school-for-the-deaf.htm?c=8WC7da7pHk2qQTi6pqm3IA#tab=box-score&schoolid=
JR_10-06_CSDF_2,96,mid,JR,29,2018-10-06,Saturday,6,0,2,3,6,True,False,False,1,California School for the Deaf,CSDF,2,True,True,regular,SpikeOut 2018 @ Model,,L,"9-25,16-25",0-2,True,False,2,-2,False,0,6,25,50,-0.3333333333333333,False,False,home,True,https://www.maxpreps.com/games/10-06-2018/volleyball-18/california-school-for-the-deaf-vs-model-secondary-school-for-the-deaf.htm?c=cYqwpxb6d0OyGwpqiIBi0A#tab=box-score&schoolid=
JR_10-06_CSDR_3,97,mid,JR,30,2018-10-06,Saturday,6,0,3,3,6,True,False,True,1,California School for the Deaf-Riverside,CSDR,2,True,True,regular,SpikeOut 2018 @ Model,,L,"14-25,10-25",0-2,True,False,2,-2,False,0,7,24,50,-0.35135135135135137,False,False,home,True,https://www.maxpreps.com/games/10-06-2018/volleyball-18/california-school-for-the-deaf-riverside-vs-model-secondary-school-for-the-deaf.htm?c=1pCfPJh37UyyWr-jRRAbDQ#tab=box-score&schoolid=
JR_10-09_RB_1,98,mid,JR,31,2018-10-09,Tuesday,6,3,1,1,3,False,,,1,Riverdale Baptist,RB,3,True,False,regular,,,L,"15-25,19-25,10-25",0-3,True,False,3,-3,False,0,8,44,75,-0.2605042016806723,False,False,home,True,https://www.maxpreps.com/games/10-09-2018/volleyball-18/model-secondary-school-for-the-deaf-vs-riverdale-baptist.htm?c=PJGyWueVVUimgHq4hG3jbg#tab=box-score&schoolid=
JR_10-10_OAKCREST_1,99,mid,JR,32,2018-10-10,Wednesday,6,1,1,1,3,False,,,1,Oakcrest,OAKCREST,1,False,False,regular,,,W,"25-18,25-16,25-18",3-0,False,True,3,3,False,1,0,75,52,0.18110236220472442,False,False,away,True,https://www.maxpreps.com/games/10-10-2018/volleyball-18/model-secondary-school-for-the-deaf-vs-oakcrest.htm?c=hkGHXMiQwkCN_TmLP32IVw#tab=matchup&schoolid=
JR_10-11_WIS_1,100,mid,JR,33,2018-10-11,Thursday,7,1,1,1,3,False,,,1,Washington International,WIS,1,False,False,conference,,,L,"8-25,12-25,21-25",0-3,True,False,3,-3,False,0,1,41,75,-0.29310344827586204,False,False,home,True,https://www.maxpreps.com/games/10-11-2018/volleyball-18/model-secondary-school-for-the-deaf-vs-washington-international.htm?c=rM4IVytEz0ygFaEhEQ9CVQ
JR_10-16_BHA_1,101,mid,JR,34,2018-10-16,Tuesday,7,5,1,1,3,False,,,1,Berman Hebrew Academy,BHA,1,False,False,regular,,,W,"25-8,25-13,25-9",3-0,False,True,3,3,False,1,0,75,30,0.42857142857142855,False,False,away,True,https://www.maxpreps.com/games/10-16-2018/volleyball-18/berman-hebrew-academy-vs-model-secondary-school-for-the-deaf.htm?c=0ZG7rpPS9kidPsxOCv2JFw#tab=matchup&schoolid=
JR_10-18_FIELD_1,102,mid,JR,35,2018-10-18,Thursday,8,2,1,1,3,False,,,1,Field,FIELD,1,False,False,conference,,,W,"25-13,25-13,25-22",3-0,False,True,3,3,False,2,0,75,48,0.21951219512195122,False,False,away,True,https://www.maxpreps.com/games/10-18-2018/volleyball-18/field-vs-model-secondary-school-for-the-deaf.htm?c=9Y2TSXKnlUOH7p5xzj83Kw#tab=matchup&schoolid=
JR_10-19_BULLIS_1,103,mid,JR,36,2018-10-19,Friday,8,1,1,1,4,False,,,1,Bullis,BULLIS,2,True,False,regular,,,L,"23-25,14-25,26-24,20-25",1-3,False,False,4,-2,False,0,1,83,99,-0.08791208791208792,False,True,home,True,https://www.maxpreps.com/games/10-19-2018/volleyball-18/bullis-vs-model-secondary-school-for-the-deaf.htm?c=CBTL9de1rU6ydjYIwywyog#tab=matchup&schoolid=
JR_10-22_SSFS_1,104,mid,JR,37,2018-10-22,Monday,8,3,1,1,4,False,,,1,Sandy Spring Friends,SSFS,2,True,False,conference,PVAC Tournament Quarterfinals,,W,"25-1,25-3,24-26,25-23",3-1,False,False,4,2,False,1,0,99,53,0.3026315789473684,False,False,home,True,https://www.maxpreps.com/games/10-22-2018/volleyball-18/model-secondary-school-for-the-deaf-vs-sandy-spring-friends.htm?c=nHgUcvtCZkGaGfn06RSY9Q#tab=matchup&schoolid=
JR_10-29_WIS_1,105,mid,JR,38,2018-10-29,Monday,9,7,1,1,3,False,,,1,Washington International,WIS,2,True,False,championship,PVAC Tournament Championship,,L,"12-25,11-25,20-25",0-3,True,False,3,-3,False,0,1,43,75,-0.2711864406779661,False,False,neutral,True,https://www.maxpreps.com/games/10-29-2018/volleyball-18/model-secondary-school-for-the-deaf-vs-washington-international.htm?c=LOqNGbuhOE-1OTwiUK8QDw#tab=box-score&schoolid=
JR_11-06_SWW_1,106,mid,JR,39,2018-11-06,Tuesday,10,8,1,1,5,False,,,1,School Without Walls,SWW,3,True,False,playoff,DCSAA State Tournament First Round,last JR match,L,,2-3,False,False,5,-1,False,0,2,0,0,,False,False,neutral,True,https://www.maxpreps.com/games/11-06-2018/volleyball-18/model-secondary-school-for-the-deaf-vs-school-without-walls.htm?c=6UCwlLsoc0ipcs1Ww4M2RA#tab=matchup&schoolid=
SR_08-29_MARET_1,107,mid,SR,1,2019-08-29,Thursday,1,296,1,1,5,False,,,1,Maret,MARET,1,False,False,regular,,first SR match,W,"27-25,20-25,25-23,15-25,16-14",3-2,False,False,5,1,False,1,0,103,112,-0.04186046511627907,False,False,away,True,https://www.maxpreps.com/games/08-29-2019/volleyball-19/maret-vs-model-secondary-school-for-the-deaf.htm?c=ZWSY1lY28Ui5v0UQkdb80w
SR_09-03_DCI_1,108,mid,SR,2,2019-09-03,Tuesday,1,5,1,1,3,False,,,1,DC International,DCI,1,False,False,regular,,,W,"25-16,25-19,25-16",3-0,False,True,3,3,False,2,0,75,51,0.19047619047619047,False,False,home,True,https://www.maxpreps.com/games/09-03-2019/volleyball-19/dc-international-vs-model-secondary-school-for-the-deaf.htm?c=vnGUQ0iSNE-oyNlMWcmh9w
SR_09-05_CL_1,109,mid,SR,3,2019-09-05,Thursday,2,2,1,1,3,False,,,1,Covenant Life,CL,1,False,False,regular,,,L,"18-25,23-25,9-25",0-3,True,False,3,-3,False,0,1,50,75,-0.2,False,False,away,True,https://www.maxpreps.com/games/09-05-2019/volleyball-19/covenant-life-vs-model-secondary-school-for-the-deaf.htm?c=XppDyalKBEaO1F5pxy-NzA
SR_09-07_BIHS_1,110,mid,SR,4,2019-09-07,Saturday,2,2,1,3,8,True,True,False,1,Bishop Ireton,BIHS,1,False,False,regular,Fredericksburg Invitational 2019,,L,"20-25,14-25",0-2,True,False,2,-2,False,0,2,34,50,-0.19047619047619047,False,False,neutral,True,https://www.maxpreps.com/games/09-07-2019/volleyball-19/bishop-ireton-vs-model-secondary-school-for-the-deaf.htm?c=2i4PtaWEmUuMlDlVE65NRg
SR_09-07_HIGHLAND_2,111,mid,SR,5,2019-09-07,Saturday,2,0,2,3,8,True,False,False,1,Highland,HIGHLAND,1,False,False,regular,Fredericksburg Invitational 2019,,W,"25-19,25-27,15-12",2-1,False,False,3,1,False,1,0,65,58,0.056910569105691054,False,False,neutral,True,https://www.maxpreps.com/games/09-07-2019/volleyball-19/highland-vs-model-secondary-school-for-the-deaf.htm?c=X8J5gh-oIUy5sRyoxk1a1A
SR_09-07_EPISCOPAL_3,112,mid,SR,6,2019-09-07,Saturday,2,0,3,3,8,True,False,True,1,Episcopal,EPISCOPAL,1,False,False,regular,Fredericksburg Invitational 2019,,L,"21-25,27-25,0-15",1-2,False,False,3,-1,False,0,1,48,65,-0.1504424778761062,False,False,neutral,True,https://www.maxpreps.com/games/09-07-2019/volleyball-19/episcopal-vs-model-secondary-school-for-the-deaf.htm?c=z7WUjmSlxE2k__PRNpRWFg
SR_09-10_SAA_1,113,mid,SR,7,2019-09-10,Tuesday,2,3,1,1,3,False,,,1,Spencerville Adventist Academy,SAA,1,False,False,conference,,,W,"25-21,25-19,25-14",3-0,False,True,3,3,False,1,0,75,54,0.16279069767441862,False,False,home,True,https://www.maxpreps.com/games/09-10-2019/volleyball-19/model-secondary-school-for-the-deaf-vs-spencerville-adventist-academy.htm?c=EtNkqAr_CkSDH8Kt_dbdwA
SR_09-12_BIHS_1,114,late,SR,8,2019-09-12,Thursday,3,2,1,1,3,False,,,1,Bishop Ireton,BIHS,2,True,False,regular,,,L,"11-25,13-25,17-25",0-3,True,False,3,-3,False,0,1,41,75,-0.29310344827586204,False,False,away,True,https://www.maxpreps.com/games/09-12-2019/volleyball-19/bishop-ireton-vs-model-secondary-school-for-the-deaf.htm?c=HZy5AnNr9Uaasgc2r4pO2Q
SR_09-14_SCA_1,115,late,SR,9,2019-09-14,Saturday,3,2,1,5,11,True,True,False,1,Shalom Christian Academy,SCA,1,False,False,regular,Oriole Classic 2019 @ Maryland,,W,"26-24,25-21",2-0,False,True,2,2,False,1,0,51,45,0.0625,False,False,neutral,True,https://www.maxpreps.com/games/09-14-2019/volleyball-19/model-secondary-school-for-the-deaf-vs-shalom-christian-academy.htm?c=yv6lm6GTPESUIYsRe0GjYg
SR_09-14_MSD_2,116,late,SR,10,2019-09-14,Saturday,3,0,2,5,11,True,False,False,1,Maryland School for the Deaf,MSD,1,False,True,regular,Oriole Classic 2019 @ Maryland,,T,"27-26,24-26",1-1,False,False,2,0,False,0,0,51,52,-0.009708737864077669,False,False,away,True,https://www.maxpreps.com/games/09-14-2019/volleyball-19/maryland-school-for-the-deaf-vs-model-secondary-school-for-the-deaf.htm?c=JZy_Ujt1k0WRjGKfk_TTCg
SR_09-14_SJCP_3,117,late,SR,11,2019-09-14,Saturday,3,0,3,5,11,True,False,False,1,St. John's Catholic Prep,SJCP,1,False,False,regular,Oriole Classic 2019 @ Maryland,,L,"18-25,16-25",0-2,True,False,2,-2,False,0,1,34,50,-0.19047619047619047,False,False,neutral,True,https://www.maxpreps.com/games/09-14-2019/volleyball-19/model-secondary-school-for-the-deaf-vs-st-johns-catholic-prep.htm?c=zz-mVFyWi0eZ5kSQmFtHqg
SR_09-14_MSD_4,118,late,SR,12,2019-09-14,Saturday,3,0,4,5,11,True,False,False,2,Maryland School for the Deaf,MSD,2,True,True,regular,Oriole Classic 2019 @ Maryland,,W,"25-18,17-25,18-16",2-1,False,False,3,1,False,1,0,60,59,0.008403361344537815,False,False,away,True,https://www.maxpreps.com/games/09-14-2019/volleyball-19/maryland-school-for-the-deaf-vs-model-secondary-school-for-the-deaf.htm?c=6yBlF3an7kquIU0xy9I1Sg
SR_09-14_NL_5,119,late,SR,13,2019-09-14,Saturday,3,0,5,5,11,True,False,True,1,New Life Christian School,NL,1,False,False,regular,Oriole Classic 2019 @ Maryland,,W,"25-12,25-15",2-0,False,True,2,2,False,2,0,50,27,0.2987012987012987,False,False,away,True,https://www.maxpreps.com/games/09-14-2019/volleyball-19/model-secondary-school-for-the-deaf-vs-varsity-opponent.htm?c=zTlurXAekU6DPGK1hKcfnw
SR_09-17_WCA_1,120,late,SR,14,2019-09-17,Tuesday,3,3,1,1,4,False,,,1,Washington Christian Academy,WCA,1,False,False,conference,,,W,"25-17,23-25,25-8,25-22",3-1,False,False,4,2,False,3,0,98,72,0.15294117647058825,False,False,away,True,https://www.maxpreps.com/games/09-17-2019/volleyball-19/model-secondary-school-for-the-deaf-vs-washington-christian-academy.htm?c=axNdllYxWEurhP6yIAESJA
SR_09-19_BURKE_1,121,late,SR,15,2019-09-19,Thursday,4,2,1,1,3,False,,,1,Burke,BURKE,1,False,False,conference,,,W,"25-11,25-17,25-6",3-0,False,True,3,3,False,4,0,75,34,0.3761467889908257,False,False,away,True,https://www.maxpreps.com/games/09-19-2019/volleyball-19/model-secondary-school-for-the-deaf-vs-varsity-opponent.htm?c=pYtUyF_aB0mHcg6tmNSBEA
SR_09-21_DCI_1,125,late,SR,16,2019-09-21,Saturday,4,2,1,5,11,True,True,False,1,DC International,DCI,2,True,False,regular,Model Invitational 2019,,L,"25-10,24-26,14-16",1-2,False,False,3,-1,False,0,1,63,52,0.09565217391304348,False,True,home,True,https://www.maxpreps.com/games/09-21-2019/volleyball-19/dc-international-vs-model-secondary-school-for-the-deaf.htm?c=X-FIs7wPTE2Z3BT8LVBJ3Q
SR_09-21_SWW_2,124,late,SR,17,2019-09-21,Saturday,4,0,2,5,11,True,False,False,1,School Without Walls,SWW,1,False,False,regular,Model Invitational 2019,,W,"25-9,25-9",2-0,False,True,2,2,False,1,0,50,18,0.47058823529411764,False,False,home,True,https://www.maxpreps.com/games/09-21-2019/volleyball-19/model-secondary-school-for-the-deaf-vs-school-without-walls.htm?c=-73onImFOUOZsDC0-raGlA
SR_09-21_KAA_3,126,late,SR,18,2019-09-21,Saturday,4,0,3,5,11,True,False,False,1,King Abdullah Academy,KAA,1,False,False,regular,Model Invitational 2019,,W,"25-15,25-17",2-0,False,True,2,2,False,2,0,50,32,0.21951219512195122,False,False,home,True,https://www.maxpreps.com/games/09-21-2019/volleyball-19/king-abdullah-academy-vs-model-secondary-school-for-the-deaf.htm?c=CA3iSxhjQEOi0PU-wPED6g
SR_09-21_BULLIS_4,123,late,SR,19,2019-09-21,Saturday,4,0,4,5,11,True,False,False,1,Bullis,BULLIS,1,False,False,regular,Model Invitational 2019,,W,"25-18,25-17",2-0,False,True,2,2,False,3,0,50,35,0.17647058823529413,False,False,home,True,https://www.maxpreps.com/games/09-21-2019/volleyball-19/bullis-vs-model-secondary-school-for-the-deaf.htm?c=KrROSbehPUONbTHtTqXyVQ
SR_09-21_BULLIS_5,122,late,SR,20,2019-09-21,Saturday,4,0,5,5,11,True,False,True,2,Bullis,BULLIS,2,True,False,regular,Model Invitational 2019,,L,"25-18,25-18",0-2,True,False,2,-2,False,0,1,50,36,0.16279069767441862,False,True,home,True,https://www.maxpreps.com/games/09-21-2019/volleyball-19/bullis-vs-model-secondary-school-for-the-deaf.htm?c=G9nQB_qrYkSFMXaIJAzBfQ
SR_09-24_FIELD_1,127,late,SR,21,2019-09-24,Tuesday,4,3,1,1,3,False,,,1,Field,FIELD,1,False,False,conference,,,W,"25-23,25-10,25-15",3-0,False,True,3,3,False,1,0,75,48,0.21951219512195122,False,False,home,True,https://www.maxpreps.com/games/09-24-2019/volleyball-19/field-vs-model-secondary-school-for-the-deaf.htm?c=oourAhepTEyW0owetGekiQ
SR_09-25_SJDS_1,128,late,SR,22,2019-09-25,Wednesday,4,1,1,1,3,False,,,1,Smith Jewish Day School,SJDS,1,False,False,regular,,,W,"25-10,25-13,25-23",3-0,False,True,3,3,False,2,0,75,46,0.2396694214876033,False,False,away,True,https://www.maxpreps.com/games/09-25-2019/volleyball-19/model-secondary-school-for-the-deaf-vs-varsity-opponent.htm?c=WfbD-GDGtU2MfiORyXR9iA
SR_09-27_GTD_1,129,late,SR,23,2019-09-27,Friday,5,2,1,1,4,False,,,1,Georgetown Day,GTD,1,False,False,regular,,,L,"20-25,25-18,9-25,21-25",1-3,False,False,4,-2,False,0,1,75,93,-0.10714285714285714,False,False,home,True,https://www.maxpreps.com/games/09-27-2019/volleyball-19/georgetown-day-vs-model-secondary-school-for-the-deaf.htm?c=8QSwh2dDbkuQnPJ8lKOG8A
SR_09-30_SSFS_1,130,late,SR,24,2019-09-30,Monday,5,3,1,1,3,False,,,1,Sandy Spring Friends,SSFS,1,False,False,conference,,,W,"25-8,25-6,25-8",3-0,False,True,3,3,False,1,0,75,22,0.5463917525773195,False,False,away,True,https://www.maxpreps.com/games/09-30-2019/volleyball-19/model-secondary-school-for-the-deaf-vs-sandy-spring-friends.htm?c=vXhBTV1b-kCMrbsQbKyk7w
SR_10-04_ISD_1,133,late,SR,25,2019-10-04,Friday,6,4,1,4,9,True,True,False,1,Indiana School for the Deaf,ISD,1,False,True,regular,SpikeOut 2019 @ Riverside,,W,"25-18,25-24",2-0,False,True,2,2,False,2,0,50,42,0.08695652173913043,False,False,neutral,True,https://www.maxpreps.com/games/10-04-2019/volleyball-19/indiana-school-for-the-deaf-vs-model-secondary-school-for-the-deaf.htm?c=f9flUAU6O06spxnElldSKA
SR_10-04_CSDF_2,134,late,SR,26,2019-10-04,Friday,6,0,2,4,9,True,False,False,1,California School for the Deaf,CSDF,1,False,True,regular,SpikeOut 2019 @ Riverside,,W,"25-14,25-17",2-0,False,True,2,2,False,3,0,50,31,0.2345679012345679,False,False,neutral,True,https://www.maxpreps.com/games/10-04-2019/volleyball-19/california-school-for-the-deaf-vs-model-secondary-school-for-the-deaf.htm?c=5B-gOLdv6UqIHutSwlg3gQ
SR_10-04_TSD_3,132,late,SR,27,2019-10-04,Friday,6,0,3,4,9,True,False,False,1,Texas School for the Deaf,TSD,1,False,True,regular,SpikeOut 2019 @ Riverside,,L,"22-25,11-25",0-2,True,False,2,-2,False,0,1,33,50,-0.20481927710843373,False,False,neutral,True,https://www.maxpreps.com/games/10-04-2019/volleyball-19/model-secondary-school-for-the-deaf-vs-texas-school-for-the-deaf.htm?c=1CZVdjkiLESPmWMPwddQIg
SR_10-04_CSDR_4,131,late,SR,28,2019-10-04,Friday,6,0,4,4,9,True,False,True,1,California School for the Deaf-Riverside,CSDR,1,False,True,regular,SpikeOut 2019 @ Riverside,,W,"22-25,25-23,15-14",2-1,False,False,3,1,True,1,0,62,62,0.0,False,False,away,True,https://www.maxpreps.com/games/10-04-2019/volleyball-19/california-school-for-the-deaf-riverside-vs-model-secondary-school-for-the-deaf.htm?c=pihzlNYVq0a9p059m_dfLg
SR_10-05_ISD_1,135,late,SR,29,2019-10-05,Saturday,6,1,1,2,4,True,True,False,1,Indiana School for the Deaf,ISD,2,True,True,regular,SpikeOut 2019 @ Riverside,,W,"25-17,25-13",2-0,False,True,2,2,False,2,0,50,30,0.25,False,False,neutral,True,https://www.maxpreps.com/games/10-05-2019/volleyball-19/indiana-school-for-the-deaf-vs-model-secondary-school-for-the-deaf.htm?c=uxhCmqiCxkuRNURdxgYWrw
SR_10-05_TSD_2,136,late,SR,30,2019-10-05,Saturday,6,0,2,2,4,True,False,True,1,Texas School for the Deaf,TSD,2,True,True,regular,SpikeOut 2019 @ Riverside,,L,"16-25,14-25",0-2,True,False,2,-2,False,0,1,30,50,-0.25,False,False,neutral,True,https://www.maxpreps.com/games/10-05-2019/volleyball-19/model-secondary-school-for-the-deaf-vs-texas-school-for-the-deaf.htm?c=9lwl75e5H0CKfKiPKkOvmA
SR_10-08_OAKCREST_1,137,late,SR,31,2019-10-08,Tuesday,6,3,1,1,3,False,,,1,Oakcrest,OAKCREST,1,False,False,regular,,,W,"25-13,25-21,25-19",3-0,False,True,3,3,False,1,0,75,53,0.171875,False,False,home,True,https://www.maxpreps.com/games/10-08-2019/volleyball-19/model-secondary-school-for-the-deaf-vs-oakcrest.htm?c=L00XN2jRbEC6wBbufPDRRA
SR_10-10_BHA_1,138,late,SR,32,2019-10-10,Thursday,7,2,1,1,3,False,,,1,Berman Hebrew Academy,BHA,1,False,False,conference,,,W,"25-17,25-9,25-7",3-0,False,True,3,3,False,2,0,75,33,0.3888888888888889,False,False,home,True,https://www.maxpreps.com/games/10-10-2019/volleyball-19/model-secondary-school-for-the-deaf-vs-varsity-opponent.htm?c=9tYDUg4qF0qxW7tK_Ln9KQ
SR_10-12_ROOSEVELT_1,139,late,SR,33,2019-10-12,Saturday,7,2,1,5,11,True,True,False,1,Roosevelt,ROOSEVELT,1,False,False,regular,Tiger Paws Invitational 2019 @ Wilson,,L,"18-25,25-23,12-15",1-2,False,False,3,-1,False,0,1,55,63,-0.06779661016949153,False,True,neutral,True,https://www.maxpreps.com/games/10-12-2019/volleyball-19/model-secondary-school-for-the-deaf-vs-roosevelt.htm?c=CXg2zA5gMECXIs3SwzgDtQ
SR_10-12_PA_2,140,late,SR,34,2019-10-12,Saturday,7,0,2,5,11,True,False,False,1,Princess Anne,PA,1,False,False,regular,Tiger Paws Invitational 2019 @ Wilson,,L,"13-25,12-25",0-2,True,False,2,-2,False,0,2,25,50,-0.3333333333333333,False,False,neutral,True,https://www.maxpreps.com/games/10-12-2019/volleyball-19/model-secondary-school-for-the-deaf-vs-princess-anne.htm?c=Wdf7AW-Qs0uZ5kj5J-9Pkg
SR_10-12_MACA_3,141,late,SR,35,2019-10-12,Saturday,7,0,3,5,11,True,False,False,1,Mount Airy Christian Academy,MACA,1,False,False,regular,Tiger Paws Invitational 2019 @ Wilson,,W,"25-18,25-18",2-0,False,True,2,2,False,1,0,50,36,0.16279069767441862,False,False,neutral,True,https://www.maxpreps.com/games/10-12-2019/volleyball-19/model-secondary-school-for-the-deaf-vs-mount-airy-christian-academy.htm?c=0jccxebo90SvebpstwJWUg
SR_10-12_KAA_4,142,late,SR,36,2019-10-12,Saturday,7,0,4,5,11,True,False,False,1,King Abdullah Academy,KAA,2,True,False,regular,Tiger Paws Invitational 2019 @ Wilson,,W,"25-19,25-18",2-0,False,True,2,2,False,2,0,50,37,0.14942528735632185,False,False,neutral,True,https://www.maxpreps.com/games/10-12-2019/volleyball-19/king-abdullah-academy-vs-model-secondary-school-for-the-deaf.htm?c=4o5xHQERTUCLFvhSNxhPvQ
SR_10-12_MACA_5,143,late,SR,37,2019-10-12,Saturday,7,0,5,5,11,True,False,True,2,Mount Airy Christian Academy,MACA,2,True,False,regular,Tiger Paws Invitational 2019 @ Wilson,,W,"25-18,25-21",2-0,False,True,2,2,False,3,0,50,39,0.12359550561797752,False,False,neutral,True,https://www.maxpreps.com/games/10-12-2019/volleyball-19/model-secondary-school-for-the-deaf-vs-mount-airy-christian-academy.htm?c=97D32zj27UyiyV9SIHUNYw
SR_10-15_WIS_1,144,late,SR,38,2019-10-15,Tuesday,7,3,1,1,3,False,,,1,Washington International,WIS,1,False,False,conference,,,W,"25-23,25-17,25-19",3-0,False,True,3,3,False,4,0,75,59,0.11940298507462686,False,False,away,True,https://www.maxpreps.com/games/10-15-2019/volleyball-19/model-secondary-school-for-the-deaf-vs-washington-international.htm?c=g6pJ4R30lkGUr0XSGqZzQg
SR_10-17_BARRIE_1,145,late,SR,39,2019-10-17,Thursday,8,2,1,1,3,False,,,1,Barrie,BARRIE,1,False,False,conference,,,W,"25-9,25-10,25-7",3-0,False,True,3,3,False,5,0,75,26,0.48514851485148514,False,False,away,True,https://www.maxpreps.com/games/10-17-2019/volleyball-19/barrie-vs-model-secondary-school-for-the-deaf.htm?c=Y5g55yVQRU2fOo5YKgnw-w
SR_10-18_KAA_1,146,late,SR,40,2019-10-18,Friday,8,1,1,1,4,False,,,1,King Abdullah Academy,KAA,3,True,False,conference,MSSD Homecoming & Senior Night,,W,"23-25,25-14,25-10,25-19",3-1,False,False,4,2,True,6,0,98,68,0.18072289156626506,False,False,home,True,https://www.maxpreps.com/games/10-18-2019/volleyball-19/king-abdullah-academy-vs-model-secondary-school-for-the-deaf.htm?c=ff0wp3edSkmUy0ZVzt_rYQ
SR_10-21_MCLEAN_1,,,SR,41,2019-10-21,Monday,8,3,1,1,0,False,,,1,McLean,MCLEAN,1,False,False,opponent forfeit,,,W,,0-0,False,False,0,0,False,7,0,0,0,,False,False,home,False,https://www.maxpreps.com/games/10-21-2019/volleyball-19/mclean-vs-model-secondary-school-for-the-deaf.htm?c=YN2GPO_oJUe9am8W3ZCb_A
SR_10-23_BHA_1,147,late,SR,42,2019-10-23,Wednesday,8,2,1,1,3,False,,,1,Berman Hebrew Academy,BHA,2,True,False,playoff,PVAC Tournament Quarterfinals,,W,"25-9,25-16,25-16",3-0,False,True,3,3,False,8,0,75,41,0.29310344827586204,False,False,home,True,https://www.maxpreps.com/games/10-23-2019/volleyball-19/model-secondary-school-for-the-deaf-vs-varsity-opponent.htm?c=4SpEKTKm40mNlVqXSY8llQ
SR_10-28_SSFS_1,148,late,SR,43,2019-10-28,Monday,9,5,1,1,3,False,,,1,Sandy Spring Friends,SSFS,2,True,False,playoff,PVAC Tournament Semifinals,,W,"25-15,25-19,25-8",3-0,False,True,3,3,False,9,0,75,42,0.28205128205128205,False,False,home,True,https://www.maxpreps.com/games/10-28-2019/volleyball-19/model-secondary-school-for-the-deaf-vs-sandy-spring-friends.htm?c=seZY-aU7r0O3adxoOvkc0w
SR_10-30_WIS_1,149,late,SR,44,2019-10-30,Wednesday,9,2,1,1,3,False,,,1,Washington International,WIS,2,True,False,championship,PVAC Tournament Championship,,W,"25-18,26-24,25-18",3-0,False,True,3,3,False,10,0,76,60,0.11764705882352941,False,False,neutral,True,https://www.maxpreps.com/games/10-30-2019/volleyball-19/model-secondary-school-for-the-deaf-vs-washington-international.htm?c=GglwmyeMkEOGgntR9jsatw
SR_11-05_BELL_1,150,late,SR,45,2019-11-05,Tuesday,10,6,1,1,3,False,,,1,Bell,BELL,1,False,False,playoff,DCSAA State Tournament First Round,,W,"25-14,25-14,25-13",3-0,False,True,3,3,False,11,0,75,41,0.29310344827586204,False,False,away,True,https://www.maxpreps.com/games/11-05-2019/volleyball-19/bell-vs-model-secondary-school-for-the-deaf.htm?c=VcPx0s5gm0y4-10r8YIcYw
SR_11-06_SJ_1,151,late,SR,46,2019-11-06,Wednesday,10,1,1,1,3,False,,,1,St. John's,SJ,1,False,False,playoff,DCSAA State Tournament Quarterfinals,last SR match; last MSSD match,L,"20-25,20-25,14-25",0-3,True,False,3,-3,False,0,1,54,75,-0.16279069767441862,False,False,away,True,https://www.maxpreps.com/games/11-06-2019/volleyball-19/model-secondary-school-for-the-deaf-vs-st-johns.htm?c=eSZ4h7I5E0OFrIple4uZbw
