date,opponent,result,set_scores,set_result,set_count,set_diff,h_a_n,is_conference,is_playoffs,is_tournament,maxpreps
08/30,Spencerville Adventist Academy,W,"19-25,25-9,25-14,25-21",3-1,4,2,away,True,False,False,https://www.maxpreps.com/games/08-30-2018/volleyball-18/model-secondary-school-for-the-deaf-vs-spencerville-adventist-academy.htm?c=Trv2Kp4x9EKdJq0e1oDbzw
09/01,Pallotti,W,"25-21,25-18",2-0,2,2,home,False,False,True,https://www.maxpreps.com/games/09-01-2018/volleyball-18/model-secondary-school-for-the-deaf-vs-pallotti.htm?c=EgDQMP6Z5UKxE5FvP-M4Dw
09/01,Clinton Grace Christian,W,NA,2-1,3,1,home,False,False,True,https://www.maxpreps.com/games/09-01-2018/volleyball-18/clinton-grace-christian-vs-model-secondary-school-for-the-deaf.htm?c=_-Hn1q-o5Uq0RqFsMu-itw
09/01,Seton School,L,"12-25,14-25",0-2,2,-2,home,False,False,True,https://www.maxpreps.com/games/09-01-2018/volleyball-18/model-secondary-school-for-the-deaf-vs-seton.htm?c=atGCfmP2hUy1VbvrAWtceA
09/03,Covenant Life,L,"12-25,17-25,8-25",0-3,3,-3,away,False,False,False,https://www.maxpreps.com/games/09-03-2018/volleyball-18/covenant-life-vs-model-secondary-school-for-the-deaf.htm?c=CZtNPXZpiUmrFVsoIHCv6Q
09/05,Burke,W,"25-9,25-16,25-11",3-0,3,3,away,True,False,False,https://www.maxpreps.com/games/09-05-2018/volleyball-18/burke-vs-model-secondary-school-for-the-deaf.htm?c=1Cm9G6Pz20emjhgVSKRqkg
09/08,Grace Christian,W,"25-23,25-21",2-0,2,2,neutral,False,False,True,https://www.maxpreps.com/games/09-08-2018/volleyball-18/grace-christian-vs-model-secondary-school-for-the-deaf.htm?c=zy-nprt3g0m9hLnq5y_YhA
09/08,StoneBridge,L,"10-25,22-25",0-2,2,-2,neutral,False,False,True,https://www.maxpreps.com/games/09-08-2018/volleyball-18/model-secondary-school-for-the-deaf-vs-stonebridge.htm?c=L9xD3wiE50GbYdoCDbVLxg
09/08,Fredericksburg Christian,L,"12-25,16-25",0-2,2,-2,neutral,False,False,True,https://www.maxpreps.com/games/9-8-2018/volleyball-18/fredericksburg-christian-vs-model-secondary-school-for-the-deaf.htm?c=2-vXWUZlM0iZyaZnCRkk7A#tab=box-score&schoolid=
09/11,Riverdale Baptist,L,"11-25,15-25,25-27",0-3,3,-3,away,False,False,False,https://www.maxpreps.com/games/09-11-2018/volleyball-18/model-secondary-school-for-the-deaf-vs-riverdale-baptist.htm?c=3O-Bxg3_UkStKV_mObir_A
09/13,Sandy Spring Friends,W,"25-13,25-11,25-14",3-0,3,3,away,True,False,False,https://www.maxpreps.com/games/09-13-2018/volleyball-18/model-secondary-school-for-the-deaf-vs-sandy-spring-friends.htm?c=0FXoP1T_pkukrAqKPjs5HQ
09/15,School Without Walls,W,NA,3-0,3,3,home,False,False,False,https://www.maxpreps.com/games/09-15-2018/volleyball-18/model-secondary-school-for-the-deaf-vs-school-without-walls.htm?c=rQqfNw5pxECNGfKfVVq5Xg
09/18,Washington Christian Academy,W,"25-6,25-15,25-17",3-0,3,3,home,True,False,False,https://www.maxpreps.com/games/09-18-2018/volleyball-18/model-secondary-school-for-the-deaf-vs-washington-christian-academy.htm?c=txnlzEGwrkWFBM3aMOgOGQ
09/20,Bishop Ireton,L,"13-25,15-25,25-27",0-3,3,-3,away,False,False,False,https://www.maxpreps.com/games/09-20-2018/volleyball-18/bishop-ireton-vs-model-secondary-school-for-the-deaf.htm?c=LdyBEaaPEEyQrcStdGDcTQ#tab=box-score&schoolid=
09/22,Riverdale Baptist,W,"25-15,25-21",2-0,2,2,home,False,False,True,https://www.maxpreps.com/games/09-22-2018/volleyball-18/model-secondary-school-for-the-deaf-vs-riverdale-baptist.htm?c=L4mANmlkLk6CzD58AWzeLQ#tab=matchup&schoolid=
09/22,Bullis,W,"25-13,25-19",2-0,2,2,home,False,False,True,https://www.maxpreps.com/games/09-22-2018/volleyball-18/bullis-vs-model-secondary-school-for-the-deaf.htm?c=3SD-UNh5mEOX8YOLnarH9A#tab=matchup&schoolid=
09/22,School Without Walls,W,"25-11,21-25,15-8",2-1,3,1,home,False,False,True,https://www.maxpreps.com/games/09-22-2018/volleyball-18/model-secondary-school-for-the-deaf-vs-school-without-walls.htm?c=lqOwny0Zw0a-06rgbao-Sw#tab=matchup&schoolid=
09/22,McLean,W,"25-8,25-14",2-0,2,2,home,False,False,True,https://www.maxpreps.com/games/09-22-2018/volleyball-18/mclean-vs-model-secondary-school-for-the-deaf.htm?c=vbfUz_4fdkasJDsEZa5Aew#tab=matchup&schoolid=
09/22,Sidwell Friends,L,"9-25,14-25",0-2,2,-2,home,False,False,True,https://www.maxpreps.com/games/09-22-2018/volleyball-18/model-secondary-school-for-the-deaf-vs-sidwell-friends.htm?c=V8E-v5TQb0-5SYbGZuxjag#tab=box-score&schoolid=
09/22,Mount Airy Christian Academy,W,"14-25,25-19,15-8",2-1,3,1,home,False,False,True,https://www.maxpreps.com/games/09-22-2018/volleyball-18/model-secondary-school-for-the-deaf-vs-mount-airy-christian-academy.htm?c=hU2aP2JC3E-i79LQGtxKMw#tab=box-score&schoolid=
09/27,Bishop O'Connell,L,"10-25,7-25,3-25",0-3,3,-3,home,False,False,False,https://www.maxpreps.com/games/09-27-2018/volleyball-18/bishop-oconnell-vs-model-secondary-school-for-the-deaf.htm?c=AWUtist-nUCY1vJIbDNbdQ#tab=box-score&schoolid=
10/02,Clinton Grace Christian,W,"25-17,25-13,25-10",3-0,3,3,home,True,False,False,https://www.maxpreps.com/games/10-02-2018/volleyball-18/clinton-grace-christian-vs-model-secondary-school-for-the-deaf.htm?c=zs58NEQ3CEWFAWLCnEqX7A
10/03,Smith Jewish Day School,W,"25-16,25-13,25-23",3-0,3,3,away,False,False,False,https://www.maxpreps.com/games/10-03-2018/volleyball-18/model-secondary-school-for-the-deaf-vs-smith-jewish-day-school.htm?c=lEmjdylP3kasneLg6tCs-A#tab=matchup&schoolid=
10/05,California School for the Deaf,L,"17-25,11-25",0-2,2,-2,home,False,False,True,https://www.maxpreps.com/games/10-05-2018/volleyball-18/california-school-for-the-deaf-vs-model-secondary-school-for-the-deaf.htm?c=uTfrWXjXC0ab2OnZko5ZWQ#tab=box-score&schoolid=
10/05,California School for the Deaf-Riverside,L,"19-25,19-25",0-2,2,-2,home,False,False,True,https://www.maxpreps.com/games/10-05-2018/volleyball-18/california-school-for-the-deaf-riverside-vs-model-secondary-school-for-the-deaf.htm?c=KhNLA8DP6UqZWJwhQMZBqA#tab=box-score&schoolid=
10/05,Texas School for the Deaf,L,"10-25,13-25",0-2,2,-2,home,False,False,True,https://www.maxpreps.com/games/10-05-2018/volleyball-18/model-secondary-school-for-the-deaf-vs-texas-school-for-the-deaf.htm?c=npmD644d_kyYdOwKEBpoPw#tab=box-score&schoolid=
10/05,Maryland School for the Deaf,L,"25-20,15-25,13-15",1-2,3,-1,home,False,False,True,https://www.maxpreps.com/games/10-05-2018/volleyball-18/maryland-school-for-the-deaf-vs-model-secondary-school-for-the-deaf.htm?c=c08RkMwexU2tiK_VWEirJA#tab=matchup&schoolid=
10/06,Indiana School for the Deaf,L,"17-25,19-25",0-2,2,-2,home,False,False,True,https://www.maxpreps.com/games/10-06-2018/volleyball-18/indiana-school-for-the-deaf-vs-model-secondary-school-for-the-deaf.htm?c=8WC7da7pHk2qQTi6pqm3IA#tab=box-score&schoolid=
10/06,California School for the Deaf,L,"9-25,16-25",0-2,2,-2,home,False,False,True,https://www.maxpreps.com/games/10-06-2018/volleyball-18/california-school-for-the-deaf-vs-model-secondary-school-for-the-deaf.htm?c=cYqwpxb6d0OyGwpqiIBi0A#tab=box-score&schoolid=
10/06,California School for the Deaf-Riverside,L,"14-25,10-25",0-2,2,-2,home,False,False,True,https://www.maxpreps.com/games/10-06-2018/volleyball-18/california-school-for-the-deaf-riverside-vs-model-secondary-school-for-the-deaf.htm?c=1pCfPJh37UyyWr-jRRAbDQ#tab=box-score&schoolid=
10/09,Riverdale Baptist,L,"15-25,19-25,10-25",0-3,3,-3,home,False,False,False,https://www.maxpreps.com/games/10-09-2018/volleyball-18/model-secondary-school-for-the-deaf-vs-riverdale-baptist.htm?c=PJGyWueVVUimgHq4hG3jbg#tab=box-score&schoolid=
10/10,Oakcrest,W,"25-18,25-16,25-18",3-0,3,3,away,False,False,False,https://www.maxpreps.com/games/10-10-2018/volleyball-18/model-secondary-school-for-the-deaf-vs-oakcrest.htm?c=hkGHXMiQwkCN_TmLP32IVw#tab=matchup&schoolid=
10/11,Washington International,L,"8-25,12-25,21-25",0-3,3,-3,home,True,False,False,https://www.maxpreps.com/games/10-11-2018/volleyball-18/model-secondary-school-for-the-deaf-vs-washington-international.htm?c=rM4IVytEz0ygFaEhEQ9CVQ
10/16,Berman Hebrew Academy,W,"25-8,25-13,25-9",3-0,3,3,away,False,False,False,https://www.maxpreps.com/games/10-16-2018/volleyball-18/berman-hebrew-academy-vs-model-secondary-school-for-the-deaf.htm?c=0ZG7rpPS9kidPsxOCv2JFw#tab=matchup&schoolid=
10/18,Field,W,"25-13,25-13,25-22",3-0,3,3,away,True,False,False,https://www.maxpreps.com/games/10-18-2018/volleyball-18/field-vs-model-secondary-school-for-the-deaf.htm?c=9Y2TSXKnlUOH7p5xzj83Kw#tab=matchup&schoolid=
10/19,Bullis,L,"23-25,14-25,26-24,20-25",1-3,4,-2,home,False,False,False,https://www.maxpreps.com/games/10-19-2018/volleyball-18/bullis-vs-model-secondary-school-for-the-deaf.htm?c=CBTL9de1rU6ydjYIwywyog#tab=matchup&schoolid=
10/22,Sandy Spring Friends,W,"25-1,25-3,24-26,25-23",3-1,4,2,home,True,False,False,https://www.maxpreps.com/games/10-22-2018/volleyball-18/model-secondary-school-for-the-deaf-vs-sandy-spring-friends.htm?c=nHgUcvtCZkGaGfn06RSY9Q#tab=matchup&schoolid=
10/29,Washington International,L,"12-25,11-25,20-25",0-3,3,-3,neutral,True,True,True,https://www.maxpreps.com/games/10-29-2018/volleyball-18/model-secondary-school-for-the-deaf-vs-washington-international.htm?c=LOqNGbuhOE-1OTwiUK8QDw#tab=box-score&schoolid=
11/06,School Without Walls,L,NA,2-3,5,-1,neutral,False,True,False,https://www.maxpreps.com/games/11-06-2018/volleyball-18/model-secondary-school-for-the-deaf-vs-school-without-walls.htm?c=6UCwlLsoc0ipcs1Ww4M2RA#tab=matchup&schoolid=