match_key,career_match_index,career_stage,season,season_match_number,date,day_of_week,week_of_season,days_since_last_match,match_no,total_matches_that_day,total_sets_that_day,multi_game_day,first_match_of_day,last_match_of_day,same_day_opponent_num,opponent,opponent_slug,season_opponent_num,is_repeat_opponent,deaf_school,match_type,event_name,milestone_flag,result,set_scores,set_count,set_result,set_diff,location,comeback_win,total_points_for,total_points_against,margin_pct,high_margin_win,low_margin_loss,did_play,played_all_sets,stats_available,season_highs_flags,career_highs_flags,record_breaker_flag,deciding_set_win,deciding_set_loss,low_error_game,win_streak,loss_streak,was_set_swept,swept_opponent,deciding_set_played,sets_played,kills,kills_per_set,kill_pct,kill_attempts,kill_errors,hit_pct,assists,assists_per_set,ball_handling_attempts,ball_handling_errors,solo_blocks,assisted_blocks,total_blocks,blocks_per_set,block_errors,digs,dig_errors,digs_per_set,receiving,receiving_errors,receiving_per_set,aces,aces_per_set,ace_pct,serve_attempts,serve_errors,serve_pct,points,maxpreps
FR_09-01_TA_1,1,early,FR,1,2016-09-01,Thursday,1,0,1,1,3,False,,,1,Takoma Academy,TA,1,False,False,regular,,first MSSD match; first FR match,W,"25-22,25-19,25-13",3,3-0,3,away,False,75,54,0.163,False,False,True,True,True,,,False,False,False,False,1,0,False,True,False,3,5.0,1.7,20.0,25.0,6.0,-0.04,0.0,0.0,0.0,0.0,0.0,0.0,0.0,0.0,0.0,7.0,0.0,2.3,13.0,2.0,4.3,6.0,2.0,40.0,15,2,86.7,0,https://www.maxpreps.com/games/09-01-2016/volleyball-16/model-secondary-school-for-the-deaf-vs-takoma-academy.htm?c=RvM_PsTPpUqW-rKrugJlqw#tab=box-score&schoolid=
FR_09-09_RCSA_1,2,early,FR,2,2016-09-09,Friday,2,8,1,3,6,True,True,False,1,River City Science Academy,RCSA,1,False,False,regular,FSDB Invitational 2016,,W,"25-11,25-19",2,2-0,2,neutral,False,50,30,0.25,False,False,True,True,True,total_blocks,,False,False,False,True,2,0,False,True,False,2,6.0,3.0,42.9,14.0,1.0,0.357,0.0,0.0,0.0,0.0,1.0,0.0,1.0,0.5,0.0,5.0,0.0,2.5,13.0,0.0,6.5,2.0,1.0,33.3,6,0,100.0,0,https://www.maxpreps.com/games/09-09-2016/volleyball-16/model-secondary-school-for-the-deaf-vs-river-city-science-academy.htm?c=pi9qfk1i5EmrOFHajdNXlA#tab=box-score&schoolid=
FR_09-09_INTERLACHEN_2,3,early,FR,3,2016-09-09,Friday,2,0,2,3,6,True,False,False,1,Interlachen,INTERLACHEN,1,False,False,regular,FSDB Invitational 2016,,W,"25-14,25-19",2,2-0,2,neutral,False,50,33,0.205,False,False,True,True,True,total_blocks,,False,False,False,False,3,0,False,True,False,2,3.0,1.5,16.7,18.0,3.0,0.0,0.0,0.0,0.0,0.0,1.0,0.0,1.0,0.5,0.0,10.0,0.0,5.0,8.0,2.0,4.0,4.0,2.0,50.0,8,0,100.0,0,https://www.maxpreps.com/games/09-09-2016/volleyball-16/interlachen-vs-model-secondary-school-for-the-deaf.htm?c=kA1J5gUZYkGHUe9qPJ2ZFQ#tab=box-score&schoolid=
FR_09-09_FSDB_3,4,early,FR,4,2016-09-09,Friday,2,0,3,3,6,True,False,True,1,Florida School for the Deaf & Blind,FSDB,1,False,True,regular,FSDB Invitational 2016,,W,"26-24,25-14",2,2-0,2,away,False,51,38,0.146,False,False,True,True,True,total_blocks,,False,False,False,False,4,0,False,True,False,2,3.0,1.5,20.0,15.0,4.0,-0.067,0.0,0.0,0.0,0.0,1.0,0.0,1.0,0.5,0.0,4.0,0.0,2.0,12.0,2.0,6.0,5.0,2.5,62.5,8,0,100.0,0,https://www.maxpreps.com/games/09-09-2016/volleyball-16/florida-school-for-the-deaf-and-blind-vs-model-secondary-school-for-the-deaf.htm?c=57jGU_XGx064Xen13AMNDQ#tab=box-score&schoolid=
FR_09-17_AIDB_1,5,early,FR,5,2016-09-17,Saturday,3,8,1,1,3,False,,,1,Alabama School for the Deaf,AIDB,1,False,True,regular,,,W,"25-21,25-13,25-11",3,3-0,3,home,False,75,45,0.25,False,False,True,True,True,kills,,False,False,False,False,5,0,False,True,False,3,11.0,3.7,44.0,25.0,6.0,0.2,0.0,0.0,0.0,0.0,0.0,0.0,0.0,0.0,0.0,10.0,0.0,3.3,12.0,0.0,4.0,2.0,0.7,22.2,9,1,88.9,0,https://www.maxpreps.com/games/09-17-2016/volleyball-16/alabama-school-for-the-deaf-vs-model-secondary-school-for-the-deaf.htm?c=kXOQNahMc02EHVChPD9akw#tab=box-score&schoolid=
FR_09-20_SJDS_1,6,early,FR,6,2016-09-20,Tuesday,3,3,1,1,3,False,,,1,Smith Jewish Day School,SJDS,1,False,False,conference,,,W,"25-8,25-18,25-11",3,3-0,3,home,False,75,37,0.339,False,False,True,True,True,,,False,False,False,False,6,0,False,True,False,3,7.0,2.3,31.8,22.0,3.0,0.182,1.0,0.3,0.0,0.0,0.0,0.0,0.0,0.0,0.0,12.0,0.0,4.0,12.0,1.0,4.0,3.0,1.0,37.5,8,0,100.0,0,https://www.maxpreps.com/games/09-20-2016/volleyball-16/model-secondary-school-for-the-deaf-vs-smith-jewish-day-school.htm?c=7PNjdNdlz0CeKtt37FNG9Q
FR_09-22_RB_1,7,early,FR,7,2016-09-22,Thursday,4,2,1,1,3,False,,,1,Riverdale Baptist,RB,1,False,False,regular,,,W,"25-16,25-12,25-22",3,3-0,3,away,False,75,50,0.2,False,False,True,True,True,,,False,False,False,False,7,0,False,True,False,3,5.0,1.7,45.5,11.0,1.0,0.364,0.0,0.0,0.0,0.0,0.0,0.0,0.0,0.0,0.0,19.0,0.0,6.3,16.0,3.0,5.3,2.0,0.7,20.0,10,1,90.0,0,https://www.maxpreps.com/games/09-22-2016/volleyball-16/model-secondary-school-for-the-deaf-vs-riverdale-baptist.htm?c=nxuukkNYG0GZqKd8l3qQdw#tab=box-score&schoolid=
FR_09-24_CSHC_1,,,FR,8,2016-09-24,Saturday,4,2,1,5,9,True,True,False,1,Connelly School of the Holy Child,CSHC,1,False,False,opponent forfeit,Model Invitational 2016,,W,,0,0,0,home,False,0,0,,False,False,False,False,True,,,False,False,False,False,8,0,False,False,False,,,,,,,,,,,,,,,,,,,,,,,,,,,,,,https://www.maxpreps.com/games/09-24-2016/volleyball-16/connelly-school-of-the-holy-child-vs-model-secondary-school-for-the-deaf.htm?c=jBxjGiIWW0u7_teU_JgZVg#tab=matchup&schoolid=
FR_09-24_ISA_2,11,early,FR,9,2016-09-24,Saturday,4,0,2,5,9,True,False,False,1,Islamic Saudi Academy,ISA,1,False,False,regular,Model Invitational 2016,,L,"20-25,17-25",2,0-2,-2,home,False,37,50,-0.149,False,False,True,True,True,assists,,False,False,False,False,0,1,True,False,False,2,1.0,0.5,11.1,9.0,3.0,-0.222,2.0,1.0,0.0,0.0,0.0,0.0,0.0,0.0,0.0,4.0,0.0,2.0,11.0,2.0,5.5,0.0,0.0,0.0,3,1,66.7,0,https://www.maxpreps.com/games/09-24-2016/volleyball-16/islamic-saudi-academy-vs-model-secondary-school-for-the-deaf.htm?c=vIP1JGBVT0OrNQn3k7Vbug#tab=box-score&schoolid=
FR_09-24_SIDWELL_3,10,early,FR,10,2016-09-24,Saturday,4,0,3,5,9,True,False,False,1,Sidwell Friends,SIDWELL,1,False,False,regular,Model Invitational 2016,,W,"25-20,25-22",2,2-0,2,home,False,50,42,0.087,False,False,True,True,True,,,False,False,False,False,1,0,False,True,False,2,3.0,1.5,16.7,18.0,2.0,0.056,0.0,0.0,0.0,0.0,0.0,0.0,0.0,0.0,0.0,10.0,0.0,5.0,10.0,1.0,5.0,1.0,0.5,50.0,2,0,100.0,0,https://www.maxpreps.com/games/09-24-2016/volleyball-16/model-secondary-school-for-the-deaf-vs-sidwell-friends.htm?c=JEvBgo21gkC-Z8s4LWkp1A#tab=box-score&schoolid=
FR_09-24_WILSON_4,9,early,FR,11,2016-09-24,Saturday,4,0,4,5,9,True,False,False,1,Woodrow Wilson,WILSON,1,False,False,regular,Model Invitational 2016,,L,"12-25,23-25",2,0-2,-2,home,False,35,50,-0.176,False,False,True,True,True,,,False,False,False,False,0,1,True,False,False,2,4.0,2.0,25.0,16.0,6.0,-0.125,0.0,0.0,0.0,0.0,0.0,0.0,0.0,0.0,0.0,2.0,0.0,1.0,4.0,0.0,2.0,2.0,1.0,50.0,4,0,100.0,0,https://www.maxpreps.com/games/09-24-2016/volleyball-16/jackson-reed-vs-model-secondary-school-for-the-deaf.htm?c=N6-HRS3cNkOz2AJD_0rVbw#tab=box-score&schoolid=
FR_09-24_SIDWELL_5,8,early,FR,12,2016-09-24,Saturday,4,0,5,5,9,True,False,True,2,Sidwell Friends,SIDWELL,2,True,False,regular,Model Invitational 2016,,W,"17-25,25-23,15-9",3,2-1,1,home,True,57,57,0.0,False,False,True,True,True,,,False,False,False,False,1,0,False,False,True,3,6.0,2.0,42.9,14.0,0.0,0.429,1.0,0.3,0.0,0.0,0.0,0.0,0.0,0.0,0.0,6.0,0.0,2.0,8.0,1.0,2.7,0.0,0.0,0.0,4,2,50.0,0,https://www.maxpreps.com/games/09-24-2016/volleyball-16/model-secondary-school-for-the-deaf-vs-sidwell-friends.htm?c=XwBzBi0pnUmHClGqHKF48g#tab=box-score&schoolid=
FR_09-27_MCLEAN_1,,,FR,13,2016-09-27,Tuesday,4,3,1,1,3,False,,,1,McLean,MCLEAN,1,False,False,sick,,,W,"25-13,25-12,25-4",3,3-0,3,away,False,75,29,0.442,False,False,False,False,True,,,False,False,False,False,2,0,False,True,False,,,,,,,,,,,,,,,,,,,,,,,,,,,,,,https://www.maxpreps.com/games/09-27-2016/volleyball-16/mclean-vs-model-secondary-school-for-the-deaf.htm?c=ySNeF2UEdk6EgKi-o-mblA
FR_10-04_OAKCREST_1,12,early,FR,14,2016-10-04,Tuesday,5,7,1,1,3,False,,,1,Oakcrest,OAKCREST,1,False,False,conference,,,W,"25-23,25-8,25-11",3,3-0,3,home,False,75,42,0.282,False,False,True,True,True,kills;total_blocks,,False,False,False,False,3,0,False,True,False,3,11.0,3.7,50.0,22.0,2.0,0.409,0.0,0.0,0.0,0.0,1.0,0.0,1.0,0.3,0.0,12.0,0.0,4.0,7.0,4.0,2.3,5.0,1.7,50.0,10,1,90.0,0,https://www.maxpreps.com/games/10-04-2016/volleyball-16/model-secondary-school-for-the-deaf-vs-oakcrest.htm?c=aUV_nOezW0CdAXm48_6bgg#tab=box-score&schoolid=
FR_10-07_MSD_1,13,early,FR,15,2016-10-07,Friday,6,3,1,4,10,True,True,False,1,Maryland School for the Deaf,MSD,1,False,True,regular,SpikeOut 2016 @ Indiana,,L,"10-25,17-25",2,0-2,-2,neutral,False,27,50,-0.299,False,False,True,True,True,total_blocks,,False,False,False,False,0,1,True,False,False,2,3.0,1.5,15.0,20.0,4.0,-0.05,0.0,0.0,0.0,0.0,0.0,1.0,1.0,0.5,0.0,2.0,0.0,1.0,10.0,1.0,5.0,0.0,0.0,0.0,3,0,100.0,0,https://www.maxpreps.com/games/10-07-2016/volleyball-16/maryland-school-for-the-deaf-vs-model-secondary-school-for-the-deaf.htm?c=owB3x6209kypjGTlkFpyUg#tab=box-score&schoolid=
FR_10-07_CSDR_2,14,early,FR,16,2016-10-07,Friday,6,0,2,4,10,True,False,False,1,California School for the Deaf-Riverside,CSDR,1,False,True,regular,SpikeOut 2016 @ Indiana,,W,"20-25,25-23,15-12",3,2-1,1,neutral,True,60,60,0.0,False,False,True,True,True,,,False,False,False,False,1,0,False,False,True,3,6.0,2.0,28.6,21.0,3.0,0.143,0.0,0.0,0.0,0.0,0.0,0.0,0.0,0.0,0.0,9.0,0.0,3.0,7.0,2.0,2.3,1.0,0.3,8.3,12,0,100.0,0,https://www.maxpreps.com/games/10-07-2016/volleyball-16/california-school-for-the-deaf-riverside-vs-model-secondary-school-for-the-deaf.htm?c=591mwas5f0WoifVu5uqlog#tab=box-score&schoolid=
FR_10-07_TSD_3,15,early,FR,17,2016-10-07,Friday,6,0,3,4,10,True,False,False,1,Texas School for the Deaf,TSD,1,False,True,regular,SpikeOut 2016 @ Indiana,,L,"11-25,16-25",2,0-2,-2,neutral,False,27,50,-0.299,False,False,True,True,True,,,False,False,False,False,0,1,True,False,False,2,2.0,1.0,15.4,13.0,3.0,-0.077,0.0,0.0,0.0,0.0,0.0,0.0,0.0,0.0,0.0,11.0,0.0,5.5,9.0,3.0,4.5,0.0,0.0,0.0,2,2,0.0,0,https://www.maxpreps.com/games/10-07-2016/volleyball-16/model-secondary-school-for-the-deaf-vs-texas-school-for-the-deaf.htm?c=AZ1n_IF5o0qp55V7f-lMvg#tab=box-score&schoolid=
FR_10-07_CSDF_4,16,early,FR,18,2016-10-07,Friday,6,0,4,4,10,True,False,True,1,California School for the Deaf,CSDF,1,False,True,regular,SpikeOut 2016 @ Indiana,,L,"25-21,14-25,9-15",3,1-2,-1,neutral,False,48,61,-0.119,False,False,True,True,True,total_blocks,,False,False,False,False,0,2,False,False,True,3,3.0,1.0,21.4,14.0,2.0,0.071,0.0,0.0,0.0,0.0,0.0,1.0,1.0,0.3,0.0,2.0,0.0,0.7,16.0,4.0,5.3,0.0,0.0,0.0,5,1,80.0,0,https://www.maxpreps.com/games/10-07-2016/volleyball-16/california-school-for-the-deaf-vs-model-secondary-school-for-the-deaf.htm?c=2GJMycrpkUGekllexQB5WQ#tab=box-score&schoolid=
FR_10-08_ISD_1,19,early,FR,19,2016-10-08,Saturday,6,1,1,3,7,True,True,False,1,Indiana School for the Deaf,ISD,1,False,True,regular,SpikeOut 2016 @ Indiana,,L,"14-25,14-25",2,0-2,-2,neutral,False,28,50,-0.282,False,False,True,True,True,,,False,False,False,False,0,3,True,False,False,2,2.0,1.0,15.4,13.0,2.0,0.0,0.0,0.0,0.0,0.0,0.0,0.0,0.0,0.0,0.0,3.0,0.0,1.5,10.0,4.0,5.0,0.0,0.0,0.0,3,0,100.0,0,https://www.maxpreps.com/games/10-08-2016/volleyball-16/indiana-school-for-the-deaf-vs-model-secondary-school-for-the-deaf.htm?c=wj2y6CuesEukVstn_5dczA#tab=box-score&schoolid=
FR_10-08_CSDF_2,18,early,FR,20,2016-10-08,Saturday,6,0,2,3,7,True,False,False,1,California School for the Deaf,CSDF,2,True,True,regular,SpikeOut 2016 @ Indiana,,L,"18-25,20-25",2,0-2,-2,neutral,False,38,50,-0.136,False,False,True,True,True,total_blocks,,False,False,False,False,0,4,True,False,False,2,9.0,4.5,47.4,19.0,1.0,0.421,0.0,0.0,0.0,0.0,0.0,1.0,1.0,0.5,1.0,7.0,0.0,3.5,14.0,1.0,7.0,0.0,0.0,0.0,7,0,100.0,0,https://www.maxpreps.com/games/10-08-2016/volleyball-16/california-school-for-the-deaf-vs-model-secondary-school-for-the-deaf.htm?c=fuAmSgfRsUuIfu9RrW5Euw#tab=box-score&schoolid=
FR_10-08_CSDR_3,17,early,FR,21,2016-10-08,Saturday,6,0,3,3,7,True,False,True,1,California School for the Deaf-Riverside,CSDR,2,True,True,regular,SpikeOut 2016 @ Indiana,,L,"27-25,17-25,9-15",3,1-2,-1,neutral,False,53,65,-0.102,False,False,True,True,True,,,False,False,False,False,0,5,False,False,True,3,4.0,1.3,18.2,22.0,3.0,0.045,0.0,0.0,0.0,0.0,0.0,0.0,0.0,0.0,0.0,8.0,0.0,2.7,7.0,3.0,2.3,0.0,0.0,0.0,3,0,100.0,0,https://www.maxpreps.com/games/10-08-2016/volleyball-16/california-school-for-the-deaf-riverside-vs-model-secondary-school-for-the-deaf.htm?c=EOTlFc410ESAEZ792PdFiA#tab=box-score&schoolid=
FR_10-11_RB_1,20,early,FR,22,2016-10-11,Tuesday,6,3,1,1,3,False,,,1,Riverdale Baptist,RB,2,True,False,regular,,,W,"25-15,25-11,25-12",3,3-0,3,home,False,75,38,0.327,False,False,True,True,True,,,False,False,False,False,1,0,False,True,False,3,2.0,0.7,13.3,15.0,1.0,0.067,0.0,0.0,0.0,0.0,0.0,0.0,0.0,0.0,0.0,11.0,0.0,3.7,15.0,3.0,5.0,0.0,0.0,0.0,5,1,80.0,0,https://www.maxpreps.com/games/10-11-2016/volleyball-16/model-secondary-school-for-the-deaf-vs-riverdale-baptist.htm?c=LTfs0953zkmtl3g-YTlQmw#tab=box-score&schoolid=
FR_10-12_BURKE_1,21,early,FR,23,2016-10-12,Wednesday,6,1,1,1,4,False,,,1,Burke,BURKE,1,False,False,conference,,,W,"25-9,25-12,22-25,25-10",4,3-1,2,away,False,97,56,0.268,False,False,True,True,True,,,False,False,False,False,2,0,False,False,False,4,5.0,1.3,27.8,18.0,3.0,0.111,1.0,0.3,0.0,0.0,0.0,0.0,0.0,0.0,0.0,6.0,0.0,1.5,9.0,1.0,2.3,1.0,0.3,10.0,10,0,100.0,0,https://www.maxpreps.com/games/10-12-2016/volleyball-16/burke-vs-model-secondary-school-for-the-deaf.htm?c=Us4trl_zYE-CmlSfbnhPPg#tab=box-score&schoolid=
FR_10-13_BHA_1,22,early,FR,24,2016-10-13,Thursday,7,1,1,1,3,False,,,1,Berman Hebrew Academy,BHA,1,False,False,conference,,,W,"25-3,25-4,25-9",3,3-0,3,away,False,75,16,0.648,True,False,True,True,True,,,False,False,False,False,3,0,False,True,False,3,4.0,1.3,66.7,6.0,2.0,0.333,0.0,0.0,0.0,0.0,0.0,0.0,0.0,0.0,0.0,7.0,0.0,2.3,3.0,0.0,1.0,2.0,0.7,50.0,4,1,75.0,0,https://www.maxpreps.com/games/10-13-2016/volleyball-16/berman-hebrew-academy-vs-model-secondary-school-for-the-deaf.htm?c=wBOWsi4yKU-0NsYO6AW5gA#tab=box-score&schoolid=
FR_10-15_MISD_1,23,early,FR,25,2016-10-15,Saturday,7,2,1,1,3,False,,,1,Mississippi School for the Deaf,MISD,1,False,True,regular,,,W,"25-15,25-14,25-13",3,3-0,3,home,False,75,42,0.282,False,False,True,True,True,assists,,False,False,False,False,4,0,False,True,False,3,9.0,3.0,33.3,27.0,6.0,0.111,2.0,0.7,0.0,0.0,0.0,0.0,0.0,0.0,0.0,8.0,0.0,2.7,5.0,1.0,1.7,2.0,0.7,16.7,12,0,100.0,0,https://www.maxpreps.com/games/10-15-2016/volleyball-16/mississippi-school-for-the-deaf-vs-model-secondary-school-for-the-deaf.htm?c=QLQua9MRV06tGzikyS_X5Q#tab=box-score&schoolid=
FR_10-18_SAA_1,24,early,FR,26,2016-10-18,Tuesday,7,3,1,1,3,False,,,1,Spencerville Adventist Academy,SAA,1,False,False,conference,,,W,"25-15,25-9,25-9",3,3-0,3,home,False,75,33,0.389,False,False,True,True,True,,,False,False,False,False,5,0,False,True,False,3,3.0,1.0,10.3,29.0,5.0,-0.069,1.0,0.3,0.0,0.0,0.0,0.0,0.0,0.0,0.0,17.0,0.0,5.7,16.0,1.0,5.3,10.0,3.3,37.0,27,1,96.3,0,https://www.maxpreps.com/games/10-18-2016/volleyball-16/model-secondary-school-for-the-deaf-vs-spencerville-adventist-academy.htm?c=dOdx3x38hUGxQ27mlnE5lw#tab=box-score&schoolid=
FR_10-19_WIS_1,25,early,FR,27,2016-10-19,Wednesday,7,1,1,1,5,False,,,1,Washington International,WIS,1,False,False,conference,,,L,"23-25,14-25,25-18,25-19,10-15",5,2-3,-1,home,False,97,102,-0.025,False,True,True,True,True,digs,,False,False,False,False,0,1,False,False,True,5,5.0,1.0,16.1,31.0,2.0,0.097,1.0,0.2,0.0,0.0,0.0,0.0,0.0,0.0,0.0,23.0,0.0,4.6,16.0,1.0,3.2,4.0,0.8,30.8,13,1,92.3,0,https://www.maxpreps.com/games/10-19-2016/volleyball-16/model-secondary-school-for-the-deaf-vs-washington-international.htm?c=3wDvA7Z8JkS_UPTSjFy3kA#tab=box-score&schoolid=
FR_10-20_FIELD_1,26,early,FR,28,2016-10-20,Thursday,8,1,1,1,3,False,,,1,Field,FIELD,1,False,False,conference,,,W,"25-4,25-10,25-16",3,3-0,3,away,False,75,30,0.429,False,False,True,False,True,,,False,False,False,True,1,0,False,True,False,1,3.0,3.0,60.0,5.0,0.0,0.6,0.0,0.0,0.0,0.0,0.0,0.0,0.0,0.0,0.0,0.0,0.0,0.0,2.0,0.0,2.0,0.0,0.0,0.0,0,0,0.0,0,https://www.maxpreps.com/games/10-20-2016/volleyball-16/field-vs-model-secondary-school-for-the-deaf.htm?c=c2uXDnz9_E-5t8OAyhaZdA#tab=box-score&schoolid=
FR_10-21_SRSSH_1,27,early,FR,29,2016-10-21,Friday,8,1,1,1,4,False,,,1,Stone Ridge School of the Sacred Heart,SRSSH,1,False,False,regular,,,L,"14-25,23-25,25-17,16-25",4,1-3,-2,home,False,78,92,-0.082,False,True,True,True,True,receiving,,False,False,False,False,0,1,False,False,False,4,5.0,1.3,20.8,24.0,2.0,0.125,1.0,0.3,0.0,0.0,0.0,0.0,0.0,0.0,1.0,18.0,0.0,4.5,23.0,2.0,5.8,1.0,0.3,10.0,10,1,90.0,0,https://www.maxpreps.com/games/10-21-2016/volleyball-16/model-secondary-school-for-the-deaf-vs-stone-ridge-school-of-the-sacred-heart.htm?c=nVB-PHRnU0W-XWA-RQ6dcg#tab=box-score&schoolid=
FR_10-24_CL_1,28,early,FR,30,2016-10-24,Monday,8,3,1,1,3,False,,,1,Covenant Life,CL,1,False,False,conference,,,L,"18-25,19-25,19-25",3,0-3,-3,away,False,56,75,-0.145,False,False,True,True,True,,,False,False,False,False,0,2,True,False,False,3,2.0,0.7,10.0,20.0,3.0,-0.05,0.0,0.0,0.0,0.0,0.0,0.0,0.0,0.0,0.0,8.0,0.0,2.7,17.0,4.0,5.7,0.0,0.0,0.0,5,1,80.0,0,https://www.maxpreps.com/games/10-24-2016/volleyball-16/covenant-life-vs-model-secondary-school-for-the-deaf.htm?c=HwFfJ1cHOESVd3ar6pDj9g#tab=box-score&schoolid=
FR_10-26_KAA_1,29,early,FR,31,2016-10-26,Wednesday,8,2,1,1,3,False,,,1,King Abdullah Academy,KAA,1,False,False,regular,,,L,"21-25,17-25,17-25",3,0-3,-3,away,False,55,75,-0.154,False,False,True,True,True,,,False,False,False,False,0,3,True,False,False,3,1.0,0.3,20.0,5.0,3.0,-0.4,0.0,0.0,0.0,0.0,0.0,0.0,0.0,0.0,0.0,1.0,0.0,0.3,10.0,3.0,3.3,0.0,0.0,0.0,0,0,0.0,0,https://www.maxpreps.com/games/10-26-2016/volleyball-16/king-abdullah-academy-vs-model-secondary-school-for-the-deaf.htm?c=-tOrhWspCEeA5i44Oqpqsg#tab=box-score&schoolid=
FR_10-27_GTD_1,30,early,FR,32,2016-10-27,Thursday,9,1,1,1,3,False,,,1,Georgetown Day,GTD,1,False,False,regular,,,L,"23-25,18-25,20-25",3,0-3,-3,away,False,61,75,-0.103,False,False,True,True,True,,,False,False,False,False,0,4,True,False,False,3,3.0,1.0,12.5,24.0,2.0,0.042,0.0,0.0,0.0,0.0,0.0,0.0,0.0,0.0,0.0,17.0,0.0,5.7,16.0,3.0,5.3,0.0,0.0,0.0,7,1,85.7,0,https://www.maxpreps.com/games/10-27-2016/volleyball-16/georgetown-day-vs-model-secondary-school-for-the-deaf.htm?c=R3MWzYqaokauTCV50skhGg#tab=box-score&schoolid=
FR_11-08_PARKSIDE_1,31,early,FR,33,2016-11-08,Tuesday,10,12,1,1,3,False,,,1,Parkside,PARKSIDE,1,False,False,playoff,,,W,"25-10,25-13,25-7",3,3-0,3,home,False,75,30,0.429,False,False,True,True,True,aces,,False,False,False,False,1,0,False,True,False,3,10.0,3.3,47.6,21.0,3.0,0.333,0.0,0.0,0.0,0.0,0.0,0.0,0.0,0.0,0.0,11.0,0.0,3.7,6.0,0.0,2.0,11.0,3.7,57.9,19,0,100.0,0,https://www.maxpreps.com/games/11-08-2016/volleyball-16/model-secondary-school-for-the-deaf-vs-parkside.htm?c=mx6fmINk5EK6YawEoc4h1A#tab=box-score&schoolid=
FR_11-09_WILSON_1,32,early,FR,34,2016-11-09,Wednesday,10,1,1,1,3,False,,,1,Woodrow Wilson,WILSON,2,True,False,playoff,DCSAA State Tournament Quarterfinals,,W,"25-21,25-17,25-15",3,3-0,3,away,False,75,53,0.172,False,False,True,True,True,,,False,False,False,False,2,0,False,True,False,3,4.0,1.3,40.0,10.0,2.0,0.2,0.0,0.0,0.0,0.0,0.0,0.0,0.0,0.0,0.0,11.0,0.0,3.7,12.0,3.0,4.0,4.0,1.3,20.0,20,0,100.0,0,https://www.maxpreps.com/games/11-09-2016/volleyball-16/jackson-reed-vs-model-secondary-school-for-the-deaf.htm?c=RTKAoLMPCk63gR0nYK7KEw#tab=box-score&schoolid=
FR_11-10_MARET_1,33,early,FR,35,2016-11-10,Thursday,11,1,1,1,3,False,,,1,Maret,MARET,1,False,False,playoff,DCSAA State Tournament Semifinals,,W,"25-23,25-17,25-23",3,3-0,3,home,False,75,63,0.087,False,False,True,True,True,assists,,False,False,False,False,3,0,False,True,False,3,6.0,2.0,31.6,19.0,2.0,0.211,2.0,0.7,0.0,0.0,0.0,0.0,0.0,0.0,0.0,9.0,0.0,3.0,14.0,4.0,4.7,1.0,0.3,9.1,11,1,90.9,0,https://www.maxpreps.com/games/11-10-2016/volleyball-16/maret-vs-model-secondary-school-for-the-deaf.htm?c=96mssrBQ20WDyAp_g56jLg#tab=box-score&schoolid=
FR_11-11_SJ_1,34,early,FR,36,2016-11-11,Friday,11,1,1,1,3,False,,,1,St. John's,SJ,1,False,False,championship,DCSAA State Tournament Championship,last FR match,L,"12-25,13-25,15-25",3,0-3,-3,neutral,False,40,75,-0.304,False,False,True,True,True,,,False,False,False,False,0,1,True,False,False,3,4.0,1.3,23.5,17.0,1.0,0.176,0.0,0.0,0.0,0.0,0.0,0.0,0.0,0.0,0.0,13.0,0.0,4.3,17.0,2.0,5.7,0.0,0.0,0.0,4,0,100.0,0,https://www.maxpreps.com/games/11-11-2016/volleyball-16/model-secondary-school-for-the-deaf-vs-st-johns.htm?c=poFrFJ7iK0eyg9kZPUOQaw#tab=box-score&schoolid=
SO_08-29_SAA_1,35,early,SO,1,2017-08-29,Tuesday,1,291,1,1,3,False,,,1,Spencerville Adventist Academy,SAA,1,False,False,regular,,first SO match,W,"25-18,25-5,25-12",3,3-0,3,home,False,75,35,0.364,False,False,True,True,True,,,False,False,False,False,1,0,False,True,False,3,4.0,1.3,33.3,12.0,3.0,0.083,0.0,0.0,0.0,0.0,0.0,0.0,0.0,0.0,0.0,4.0,0.0,1.3,7.0,0.0,2.3,11.0,3.7,35.5,31,2,93.5,0,https://www.maxpreps.com/games/08-29-2017/volleyball-17/model-secondary-school-for-the-deaf-vs-spencerville-adventist-academy.htm?c=EysMl__wXEWyKfHgNVfpEQ#tab=box-score&schoolid=
SO_09-05_MARET_1,36,early,SO,2,2017-09-05,Tuesday,2,7,1,1,3,False,,,1,Maret,MARET,1,False,False,regular,,,L,"19-25,14-25,18-25",3,0-3,-3,away,False,51,75,-0.19,False,False,True,True,True,,,False,False,False,False,0,1,True,False,False,3,1.0,0.3,4.2,24.0,2.0,-0.042,0.0,0.0,0.0,0.0,0.0,0.0,0.0,0.0,0.0,4.0,2.0,1.3,20.0,3.0,6.7,2.0,0.7,28.6,7,3,57.1,0,https://www.maxpreps.com/games/09-05-2017/volleyball-17/maret-vs-model-secondary-school-for-the-deaf.htm?c=cnUwxUF910qvo_byQLATdQ#tab=box-score&schoolid=
SO_09-07_BW_1,37,early,SO,3,2017-09-07,Thursday,2,2,1,1,3,False,,,1,Brookewood,BW,1,False,False,regular,,,W,"25-8,25-16,25-6",3,3-0,3,home,False,75,30,0.429,False,False,True,True,True,,,False,False,False,False,1,0,False,True,False,3,3.0,1.0,50.0,6.0,2.0,0.167,0.0,0.0,0.0,0.0,0.0,0.0,0.0,0.0,0.0,2.0,0.0,0.7,9.0,0.0,3.0,1.0,0.3,33.3,3,1,66.7,0,https://www.maxpreps.com/games/09-07-2017/volleyball-17/brookewood-vs-model-secondary-school-for-the-deaf.htm?c=6TewSwa2p0eGwUFJqfNdbA#tab=box-score&schoolid=
SO_09-09_AASD_1,38,early,SO,4,2017-09-09,Saturday,2,2,1,2,6,True,True,False,1,Atlanta Area School for the Deaf,AASD,1,False,True,regular,,,W,"25-6,25-10,25-9",3,3-0,3,neutral,False,75,25,0.5,False,False,True,True,True,,,False,False,False,False,2,0,False,True,False,3,9.0,3.0,64.3,14.0,1.0,0.571,0.0,0.0,0.0,0.0,0.0,0.0,0.0,0.0,0.0,0.0,0.0,0.0,7.0,1.0,2.3,7.0,2.3,63.6,11,2,81.8,0,https://www.maxpreps.com/games/09-09-2017/volleyball-17/atlanta-area-school-for-the-deaf-vs-model-secondary-school-for-the-deaf.htm?c=NGJtcTostUS-zUwoR-XM_g#tab=box-score&schoolid=
SO_09-09_AIDB_2,39,mid,SO,5,2017-09-09,Saturday,2,0,2,2,6,True,False,True,1,Alabama School for the Deaf,AIDB,1,False,True,regular,,,W,"25-13,25-9,25-10",3,3-0,3,away,False,75,32,0.402,False,False,True,True,True,,,False,False,False,False,3,0,False,True,False,3,10.0,3.3,62.5,16.0,1.0,0.562,1.0,0.3,0.0,0.0,0.0,0.0,0.0,0.0,0.0,1.0,0.0,0.3,7.0,1.0,2.3,9.0,3.0,47.4,19,1,94.7,0,https://www.maxpreps.com/games/09-09-2017/volleyball-17/alabama-school-for-the-deaf-vs-model-secondary-school-for-the-deaf.htm?c=Ed5SCbZmm0yep11pUl3Caw#tab=box-score&schoolid=
SO_09-12_WCA_1,40,mid,SO,6,2017-09-12,Tuesday,3,3,1,1,3,False,,,1,Washington Christian Academy,WCA,1,False,False,conference,,,W,"25-8,25-11,25-12",3,3-0,3,away,False,75,31,0.415,False,False,True,True,True,,,False,False,False,False,4,0,False,True,False,3,3.0,1.0,37.5,8.0,1.0,0.25,0.0,0.0,0.0,0.0,0.0,0.0,0.0,0.0,0.0,1.0,0.0,0.3,8.0,1.0,2.7,1.0,0.3,14.3,7,1,85.7,0,https://www.maxpreps.com/games/09-12-2017/volleyball-17/model-secondary-school-for-the-deaf-vs-washington-christian-academy.htm?c=mujWv8l3TkaJ3JtoMOy_Eg#tab=box-score&schoolid=
SO_09-14_MCLEAN_1,41,mid,SO,7,2017-09-14,Thursday,3,2,1,1,3,False,,,1,McLean,MCLEAN,1,False,False,conference,,,W,"25-8,25-10,25-12",3,3-0,3,home,False,75,30,0.429,False,False,True,True,True,total_blocks,total_blocks,True,False,False,False,5,0,False,True,False,3,17.0,5.7,89.5,19.0,1.0,0.842,0.0,0.0,0.0,0.0,2.0,1.0,3.0,1.0,2.0,3.0,0.0,1.0,9.0,0.0,3.0,1.0,0.3,20.0,5,1,80.0,0,https://www.maxpreps.com/games/09-14-2017/volleyball-17/mclean-vs-model-secondary-school-for-the-deaf.htm?c=a9ksnSw3I025jlIEVO8hMw#tab=box-score&schoolid=
SO_09-16_FRIENDS_1,42,mid,SO,8,2017-09-16,Saturday,3,2,1,1,3,False,,,1,Friends,FRIENDS,1,False,False,regular,,,W,"25-15,25-17,25-8",3,3-0,3,home,False,75,40,0.304,False,False,True,True,True,assists,assists,True,False,False,False,6,0,False,True,False,3,11.0,3.7,35.5,31.0,2.0,0.29,3.0,1.0,0.0,0.0,0.0,0.0,0.0,0.0,0.0,7.0,0.0,2.3,10.0,1.0,3.3,3.0,1.0,30.0,10,1,90.0,0,https://www.maxpreps.com/games/09-16-2017/volleyball-17/friends-vs-model-secondary-school-for-the-deaf.htm?c=sOtrffr4_kOXt-grb9UdRA#tab=box-score&schoolid=
SO_09-18_BHA_1,,,SO,9,2017-09-18,Monday,3,2,1,1,3,False,,,1,Berman Hebrew Academy,BHA,1,False,False,sick,,,W,"25-10,25-6,25-9",3,3-0,3,home,False,75,25,0.5,False,False,False,False,True,,,False,False,False,False,7,0,False,True,False,,,,,,,,,,,,,,,,,,,,,,,,,,,,,,https://www.maxpreps.com/games/09-18-2017/volleyball-17/berman-hebrew-academy-vs-model-secondary-school-for-the-deaf.htm?c=p1PM8dzkQkagnlgqSuigBA#tab=box-score&schoolid=
SO_09-19_BOHS_1,43,mid,SO,10,2017-09-19,Tuesday,4,1,1,1,3,False,,,1,Bishop O'Connell,BOHS,1,False,False,regular,,,L,"23-25,12-25,16-25",3,0-3,-3,away,False,51,75,-0.19,False,False,True,True,True,,,False,False,False,False,0,1,True,False,False,3,3.0,1.0,16.7,18.0,6.0,-0.167,0.0,0.0,0.0,0.0,0.0,0.0,0.0,0.0,1.0,10.0,0.0,3.3,23.0,3.0,7.7,0.0,0.0,0.0,7,1,85.7,0,https://www.maxpreps.com/games/09-19-2017/volleyball-17/bishop-oconnell-vs-model-secondary-school-for-the-deaf.htm?c=uXQAlUqtb0ycWUXwSNnzlw#tab=box-score&schoolid=
SO_09-21_GCA_1,44,mid,SO,11,2017-09-21,Thursday,4,2,1,1,3,False,,,1,Grace Christian Academy,GCA,1,False,False,regular,,,W,"25-20,25-16,25-11",3,3-0,3,away,False,75,47,0.23,False,False,True,True,True,,,False,False,False,False,1,0,False,True,False,3,8.0,2.7,66.7,12.0,0.0,0.667,1.0,0.3,0.0,0.0,0.0,0.0,0.0,0.0,0.0,10.0,0.0,3.3,20.0,2.0,6.7,2.0,0.7,14.3,14,1,92.9,0,https://www.maxpreps.com/games/09-21-2017/volleyball-17/grace-christian-academy-vs-model-secondary-school-for-the-deaf.htm?c=6iQcV7vUBku93iL_EBh5cg#tab=box-score&schoolid=
SO_09-23_SIDWELL_1,47,mid,SO,12,2017-09-23,Saturday,4,2,1,4,10,True,True,False,1,Sidwell Friends,SIDWELL,1,False,False,regular,Model Invitational 2017,,L,"25-14,21-25,15-13",3,1-2,-1,home,False,61,52,0.08,False,True,True,True,True,,,False,False,True,False,0,1,False,False,True,3,4.0,1.3,25.0,16.0,4.0,0.0,0.0,0.0,0.0,0.0,0.0,0.0,0.0,0.0,0.0,9.0,0.0,3.0,10.0,2.0,3.3,0.0,0.0,0.0,4,1,75.0,0,https://www.maxpreps.com/games/09-23-2017/volleyball-17/model-secondary-school-for-the-deaf-vs-sidwell-friends.htm?c=RHS_XupWN0aw0EUBp_7UvQ#tab=box-score&schoolid=
SO_09-23_KAA_2,48,mid,SO,13,2017-09-23,Saturday,4,0,2,4,10,True,False,False,1,King Abdullah Academy,KAA,1,False,False,regular,Model Invitational 2017,,W,"25-22,16-25,15-12",3,2-1,1,home,False,56,59,-0.026,False,False,True,True,True,,,False,False,False,False,1,0,False,False,True,3,8.0,2.7,23.5,34.0,6.0,0.059,1.0,0.3,0.0,0.0,0.0,1.0,1.0,0.3,1.0,15.0,0.0,5.0,12.0,1.0,4.0,2.0,0.7,22.2,9,1,88.9,0,https://www.maxpreps.com/games/09-23-2017/volleyball-17/king-abdullah-academy-vs-model-secondary-school-for-the-deaf.htm?c=98zdz76AtE2OsGyZS2GxxA
SO_09-23_HAYNES_3,46,mid,SO,14,2017-09-23,Saturday,4,0,3,4,10,True,False,False,1,E.L. Haynes,HAYNES,1,False,False,regular,Model Invitational 2017,,W,"25-7,25-14",2,2-0,2,home,False,50,21,0.408,False,False,True,True,True,,,False,False,False,False,2,0,False,True,False,2,4.0,2.0,23.5,17.0,2.0,0.118,0.0,0.0,0.0,0.0,0.0,0.0,0.0,0.0,0.0,11.0,0.0,5.5,14.0,1.0,7.0,1.0,0.5,16.7,6,1,83.3,0,https://www.maxpreps.com/games/09-23-2017/volleyball-17/el-haynes-vs-model-secondary-school-for-the-deaf.htm?c=cynbtw0G0UG9n-coKiZarQ
SO_09-23_WILSON_4,45,mid,SO,15,2017-09-23,Saturday,4,0,4,4,10,True,False,True,1,Woodrow Wilson,WILSON,1,False,False,regular,Model Invitational 2017,,L,"8-25,19-25",2,0-2,-2,home,False,27,50,-0.299,False,False,True,True,True,,,False,False,False,True,0,1,True,False,False,2,5.0,2.5,55.6,9.0,0.0,0.556,0.0,0.0,0.0,0.0,0.0,0.0,0.0,0.0,0.0,11.0,0.0,5.5,7.0,0.0,3.5,2.0,1.0,22.2,9,0,100.0,0,https://www.maxpreps.com/games/09-23-2017/volleyball-17/jackson-reed-vs-model-secondary-school-for-the-deaf.htm?c=x_o0b4vbv0qqMUYXQm1IBw
SO_09-26_CL_1,49,mid,SO,16,2017-09-26,Tuesday,5,3,1,1,4,False,,,1,Covenant Life,CL,1,False,False,regular,,,L,"25-20,21-25,18-25,5-25",4,1-3,-2,away,False,69,95,-0.159,False,False,True,False,True,digs,,False,False,False,False,0,2,False,False,False,3,15.0,5.0,30.0,50.0,7.0,0.16,0.0,0.0,0.0,0.0,1.0,0.0,1.0,0.3,0.0,26.0,0.0,8.7,24.0,6.0,8.0,1.0,0.3,11.1,9,2,77.8,0,https://www.maxpreps.com/games/09-26-2017/volleyball-17/covenant-life-vs-model-secondary-school-for-the-deaf.htm?c=MH9f-mHZHUO8KB0Yr88X_Q
SO_09-28_SJDS_1,50,mid,SO,17,2017-09-28,Thursday,5,2,1,1,3,False,,,1,Smith Jewish Day School,SJDS,1,False,False,conference,,,W,"25-11,25-9,25-18",3,3-0,3,away,False,75,38,0.327,False,False,True,True,True,,,False,False,False,False,1,0,False,True,False,3,13.0,4.3,59.1,22.0,4.0,0.409,0.0,0.0,0.0,0.0,0.0,0.0,0.0,0.0,0.0,8.0,0.0,2.7,8.0,0.0,2.7,3.0,1.0,23.1,13,1,92.3,0,https://www.maxpreps.com/games/09-28-2017/volleyball-17/model-secondary-school-for-the-deaf-vs-smith-jewish-day-school.htm?c=dlMsvqtOiU2j73ldjH2LDA
SO_10-03_WIS_1,51,mid,SO,18,2017-10-03,Tuesday,6,5,1,1,4,False,,,1,Washington International,WIS,1,False,False,conference,,,L,"27-29,25-21,16-25,24-26",4,1-3,-2,away,False,92,101,-0.047,False,True,True,True,True,kills,kills,True,False,False,False,0,1,False,False,False,4,21.0,5.3,35.6,59.0,4.0,0.288,1.0,0.3,0.0,0.0,0.0,0.0,0.0,0.0,0.0,20.0,0.0,5.0,27.0,3.0,6.8,3.0,0.8,20.0,15,2,86.7,0,https://www.maxpreps.com/games/10-03-2017/volleyball-17/model-secondary-school-for-the-deaf-vs-washington-international.htm?c=jrstwNpaT0GWB17JC1LkMQ
SO_10-06_TSD_1,53,mid,SO,19,2017-10-06,Friday,6,3,1,4,10,True,True,False,1,Texas School for the Deaf,TSD,1,False,True,regular,SpikeOut 2017 @ Maryland,,L,"13-25,10-25",2,0-2,-2,neutral,False,23,50,-0.37,False,False,True,False,True,,,False,False,False,False,0,2,True,False,False,3,8.0,2.7,30.8,26.0,4.0,0.154,0.0,0.0,0.0,0.0,0.0,0.0,0.0,0.0,0.0,14.0,0.0,4.7,11.0,0.0,3.7,0.0,0.0,0.0,10,1,90.0,0,https://www.maxpreps.com/games/10-06-2017/volleyball-17/model-secondary-school-for-the-deaf-vs-texas-school-for-the-deaf.htm?c=gxcwFT9oGkmglyPAEnMJeQ
SO_10-06_MSD_2,54,mid,SO,20,2017-10-06,Friday,6,0,2,4,10,True,False,False,1,Maryland School for the Deaf,MSD,1,False,True,regular,SpikeOut 2017 @ Maryland,,L,"21-25,19-25",2,0-2,-2,neutral,False,40,50,-0.111,False,False,True,False,True,,,False,False,False,False,0,3,True,False,False,3,9.0,3.0,40.9,22.0,3.0,0.273,1.0,0.3,0.0,0.0,0.0,0.0,0.0,0.0,0.0,11.0,0.0,3.7,15.0,3.0,5.0,0.0,0.0,0.0,7,0,100.0,0,https://www.maxpreps.com/games/10-06-2017/volleyball-17/maryland-school-for-the-deaf-vs-model-secondary-school-for-the-deaf.htm?c=Mf8qEjwq6k-qnIN5HvixWw
SO_10-06_CSDR_3,55,mid,SO,21,2017-10-06,Friday,6,0,3,4,10,True,False,False,1,California School for the Deaf-Riverside,CSDR,1,False,True,regular,SpikeOut 2017 @ Maryland,,W,"20-25,25-20,15-7",3,2-1,1,neutral,True,60,52,0.071,False,False,True,False,True,,,False,False,False,False,1,0,False,False,True,2,2.0,1.0,9.5,21.0,6.0,-0.19,0.0,0.0,0.0,0.0,0.0,0.0,0.0,0.0,0.0,4.0,0.0,2.0,11.0,0.0,5.5,0.0,0.0,0.0,2,0,100.0,0,https://www.maxpreps.com/games/10-06-2017/volleyball-17/california-school-for-the-deaf-riverside-vs-model-secondary-school-for-the-deaf.htm?c=00ZR6rrHq0Kljg4epxysZQ
SO_10-06_CSDF_4,52,mid,SO,22,2017-10-06,Friday,6,0,4,4,10,True,False,True,1,California School for the Deaf,CSDF,1,False,True,regular,SpikeOut 2017 @ Maryland,,L,"25-19,25-20,9-15",3,1-2,-1,neutral,False,59,54,0.044,False,True,True,False,True,,,False,False,False,False,0,1,False,False,True,2,2.0,1.0,13.3,15.0,2.0,0.0,0.0,0.0,0.0,0.0,0.0,0.0,0.0,0.0,0.0,5.0,0.0,2.5,15.0,1.0,7.5,2.0,1.0,28.6,7,1,85.7,0,https://www.maxpreps.com/games/10-06-2017/volleyball-17/california-school-for-the-deaf-vs-model-secondary-school-for-the-deaf.htm?c=bdN5cNz-DU6SN0Ncuha9aA
SO_10-07_CSDR_1,57,mid,SO,23,2017-10-07,Saturday,6,1,1,3,8,True,True,False,1,California School for the Deaf-Riverside,CSDR,2,True,True,regular,SpikeOut 2017 @ Maryland,,L,"25-20,19-25,9-15",3,1-2,-1,neutral,False,53,60,-0.062,False,True,True,True,True,,,False,False,False,False,0,2,False,False,True,3,6.0,2.0,17.6,34.0,8.0,-0.059,0.0,0.0,0.0,0.0,0.0,1.0,1.0,0.3,0.0,15.0,0.0,5.0,13.0,2.0,4.3,0.0,0.0,0.0,11,2,81.8,0,https://www.maxpreps.com/games/10-07-2017/volleyball-17/california-school-for-the-deaf-riverside-vs-model-secondary-school-for-the-deaf.htm?c=paUazO1QJkO9ZedkCKvkeg#tab=box-score&schoolid=
SO_10-07_ISD_2,58,mid,SO,24,2017-10-07,Saturday,6,0,2,3,8,True,False,False,1,Indiana School for the Deaf,ISD,1,False,True,regular,SpikeOut 2017 @ Maryland,,L,"14-25,17-25",2,0-2,-2,neutral,False,31,50,-0.235,False,False,True,True,True,,,False,False,False,False,0,3,True,False,False,2,5.0,2.5,22.7,22.0,4.0,0.045,0.0,0.0,0.0,0.0,0.0,0.0,0.0,0.0,0.0,7.0,0.0,3.5,13.0,2.0,6.5,1.0,0.5,14.3,7,1,85.7,0,https://www.maxpreps.com/games/10-07-2017/volleyball-17/indiana-school-for-the-deaf-vs-model-secondary-school-for-the-deaf.htm?c=BX9GBKTUVU6seVpehhWDvw#tab=box-score&schoolid=
SO_10-07_CSDF_3,56,mid,SO,25,2017-10-07,Saturday,6,0,3,3,8,True,False,True,1,California School for the Deaf,CSDF,2,True,True,regular,SpikeOut 2017 @ Maryland,,L,"17-25,25-21,10-15",3,1-2,-1,neutral,False,52,61,-0.08,False,True,True,True,True,,,False,False,False,False,0,4,False,False,True,3,6.0,2.0,26.1,23.0,3.0,0.13,0.0,0.0,0.0,0.0,0.0,0.0,0.0,0.0,0.0,18.0,0.0,6.0,11.0,3.0,3.7,1.0,0.3,9.1,11,2,81.8,0,https://www.maxpreps.com/games/10-07-2017/volleyball-17/california-school-for-the-deaf-vs-model-secondary-school-for-the-deaf.htm?c=CIFqlGLbYUSJTqp2kWgLpQ#tab=box-score&schoolid=
SO_10-10_BURKE_1,59,mid,SO,26,2017-10-10,Tuesday,7,3,1,1,3,False,,,1,Burke,BURKE,1,False,False,conference,,,W,"25-13,25-13,26-24",3,3-0,3,home,False,76,50,0.206,False,False,True,True,True,,,False,False,False,False,1,0,False,True,False,3,4.0,1.3,23.5,17.0,3.0,0.059,0.0,0.0,0.0,0.0,0.0,0.0,0.0,0.0,0.0,11.0,0.0,3.7,10.0,1.0,3.3,3.0,1.0,33.3,9,0,100.0,0,https://www.maxpreps.com/games/10-10-2017/volleyball-17/burke-vs-model-secondary-school-for-the-deaf.htm?c=qRN855amgEGJuhLVyPzHdg#tab=box-score&schoolid=
SO_10-12_CGC_1,60,mid,SO,27,2017-10-12,Thursday,7,2,1,1,3,False,,,1,Clinton Grace Christian,CGC,1,False,False,regular,,,W,"25-8,26-24,25-16",3,3-0,3,away,False,76,48,0.226,False,False,True,False,True,,,False,False,False,True,2,0,False,True,False,1,2.0,2.0,66.7,3.0,0.0,0.667,0.0,0.0,0.0,0.0,0.0,0.0,0.0,0.0,0.0,0.0,0.0,0.0,4.0,0.0,4.0,5.0,5.0,55.6,9,0,100.0,0,https://www.maxpreps.com/games/10-12-2017/volleyball-17/clinton-grace-christian-vs-model-secondary-school-for-the-deaf.htm?c=y9w5ED6PvUiDFWFn1eR4IQ#tab=box-score&schoolid=
SO_10-14_BELL_1,61,mid,SO,28,2017-10-14,Saturday,7,2,1,1,3,False,,,1,Bell,BELL,1,False,False,regular,,,W,"25-8,25-18,25-15",3,3-0,3,home,False,75,41,0.293,False,False,True,True,True,,,False,False,False,True,3,0,False,True,False,3,5.0,1.7,38.5,13.0,1.0,0.308,1.0,0.3,0.0,0.0,0.0,0.0,0.0,0.0,0.0,4.0,0.0,1.3,5.0,0.0,1.7,6.0,2.0,50.0,12,1,91.7,0,https://www.maxpreps.com/games/10-14-2017/volleyball-17/bell-vs-model-secondary-school-for-the-deaf.htm?c=c9OwnbMPjUCLQC3kcrOvDQ#tab=box-score&schoolid=
SO_10-17_FIELD_1,62,mid,SO,29,2017-10-17,Tuesday,8,3,1,1,3,False,,,1,Field,FIELD,1,False,False,conference,,,W,"25-4,25-18,25-15",3,3-0,3,home,False,75,37,0.339,False,False,True,True,True,aces,,False,False,False,True,4,0,False,True,False,3,7.0,2.3,38.9,18.0,2.0,0.278,0.0,0.0,0.0,0.0,0.0,0.0,0.0,0.0,0.0,4.0,0.0,1.3,12.0,0.0,4.0,12.0,4.0,57.1,21,0,100.0,0,https://www.maxpreps.com/games/10-17-2017/volleyball-17/field-vs-model-secondary-school-for-the-deaf.htm?c=8w7Gs_HmcUyUJ_S9f3kqHw#tab=box-score&schoolid=
SO_10-18_BIHS_1,63,mid,SO,30,2017-10-18,Wednesday,8,1,1,1,3,False,,,1,Bishop Ireton,BIHS,1,False,False,regular,,,L,"13-25,9-25,24-26",3,0-3,-3,away,False,46,76,-0.246,False,False,True,True,True,,,False,False,False,False,0,1,True,False,False,3,9.0,3.0,29.0,31.0,4.0,0.161,0.0,0.0,0.0,0.0,0.0,1.0,1.0,0.3,0.0,6.0,0.0,2.0,14.0,2.0,4.7,0.0,0.0,0.0,5,1,80.0,0,https://www.maxpreps.com/games/10-18-2017/volleyball-17/bishop-ireton-vs-model-secondary-school-for-the-deaf.htm?c=ewkFjQ4ws0izvro7VJS3Mw#tab=box-score&schoolid=
SO_10-20_KAA_1,64,mid,SO,31,2017-10-20,Friday,8,2,1,1,3,False,,,1,King Abdullah Academy,KAA,2,True,False,regular,,,L,"15-25,12-25,14-25",3,0-3,-3,away,False,41,75,-0.293,False,False,True,True,True,,,False,False,False,False,0,2,True,False,False,3,3.0,1.0,9.4,32.0,7.0,-0.125,0.0,0.0,0.0,0.0,0.0,0.0,0.0,0.0,0.0,15.0,0.0,5.0,25.0,1.0,8.3,1.0,0.3,16.7,6,1,83.3,0,https://www.maxpreps.com/games/10-20-2017/volleyball-17/king-abdullah-academy-vs-model-secondary-school-for-the-deaf.htm?c=TKdaUiuchkKoNHv-qxDIgw#tab=box-score&schoolid=
SO_10-23_WCA_1,65,mid,SO,32,2017-10-23,Monday,8,3,1,1,3,False,,,1,Washington Christian Academy,WCA,2,True,False,playoff,PVAC Tournament Quarterfinals,,W,"25-13,25-12,25-16",3,3-0,3,home,False,75,41,0.293,False,False,True,True,True,,,False,False,False,False,1,0,False,True,False,3,13.0,4.3,54.2,24.0,3.0,0.417,1.0,0.3,0.0,0.0,0.0,0.0,0.0,0.0,0.0,7.0,0.0,2.3,17.0,3.0,5.7,3.0,1.0,23.1,13,0,100.0,0,https://www.maxpreps.com/games/10-23-2017/volleyball-17/model-secondary-school-for-the-deaf-vs-washington-christian-academy.htm?c=TqhVQMTbjkSmgW_8cVZouA#tab=box-score&schoolid=
SO_10-25_BURKE_1,66,mid,SO,33,2017-10-25,Wednesday,9,2,1,1,3,False,,,1,Burke,BURKE,2,True,False,playoff,PVAC Tournament Semifinals,,W,"25-14,25-17,25-19",3,3-0,3,home,False,75,50,0.2,False,False,True,True,True,,,False,False,False,False,2,0,False,True,False,3,10.0,3.3,33.3,30.0,7.0,0.1,1.0,0.3,0.0,0.0,0.0,0.0,0.0,0.0,0.0,4.0,0.0,1.3,16.0,2.0,5.3,5.0,1.7,31.3,16,1,93.8,0,https://www.maxpreps.com/games/10-25-2017/volleyball-17/burke-vs-model-secondary-school-for-the-deaf.htm?c=t8WQCuybzE2a7UwSAoYrzQ#tab=box-score&schoolid=
SO_10-30_WIS_1,67,mid,SO,34,2017-10-30,Monday,9,5,1,1,5,False,,,1,Washington International,WIS,2,True,False,championship,PVAC Tournament Championship,,L,"15-25,25-22,18-25,27-25,5-15",5,2-3,-1,neutral,False,90,112,-0.109,False,False,True,True,True,receiving,receiving,True,False,False,False,0,1,False,False,True,5,12.0,2.4,21.1,57.0,21.0,-0.158,1.0,0.2,0.0,0.0,0.0,0.0,0.0,0.0,0.0,20.0,0.0,4.0,36.0,6.0,7.2,4.0,0.8,36.4,11,2,81.8,0,https://www.maxpreps.com/games/10-30-2017/volleyball-17/model-secondary-school-for-the-deaf-vs-washington-international.htm?c=2xDX85iRNUeMz7kyjsoDdg#tab=box-score&schoolid=
SO_11-07_BELL_1,,,SO,35,2017-11-07,Tuesday,11,8,1,1,4,False,,,1,Bell,BELL,2,True,False,injured,DCSAA State Tournament First Round,,W,"25-22,17-25,25-23,25-11",4,3-1,2,away,False,92,81,0.064,False,False,False,False,True,,,False,False,False,False,1,0,False,False,False,,,,,,,,,,,,,,,,,,,,,,,,,,,,,,https://www.maxpreps.com/games/11-07-2017/volleyball-17/bell-vs-model-secondary-school-for-the-deaf.htm?c=DCmDMylQvk6uHxM8pPAJRA#tab=box-score&schoolid=
SO_11-08_WILSON_1,,,SO,36,2017-11-08,Wednesday,11,1,1,1,3,False,,,1,Woodrow Wilson,WILSON,2,True,False,injured,DCSAA State Tournament Quarterfinals,last SO match,L,"10-25,8-25,10-25",3,0-3,-3,away,False,28,75,-0.456,False,False,False,False,True,,,False,False,False,False,0,1,True,False,False,,,,,,,,,,,,,,,,,,,,,,,,,,,,,,https://www.maxpreps.com/games/11-08-2017/volleyball-17/jackson-reed-vs-model-secondary-school-for-the-deaf.htm?c=q7lwwGAjd0KkLuhmfcTsHA#tab=box-score&schoolid=
JR_08-30_SAA_1,68,mid,JR,1,2018-08-30,Thursday,1,295,1,1,4,False,,,1,Spencerville Adventist Academy,SAA,1,False,False,conference,,first JR match,W,"19-25,25-9,25-14,25-21",4,3-1,2,away,True,94,69,0.153,False,False,True,True,False,,,False,False,False,True,1,0,False,False,False,4,0.0,0.0,0.0,0.0,0.0,0.0,0.0,0.0,0.0,0.0,0.0,0.0,0.0,0.0,0.0,0.0,0.0,0.0,0.0,0.0,0.0,0.0,0.0,0.0,0,0,0.0,0,https://www.maxpreps.com/games/08-30-2018/volleyball-18/model-secondary-school-for-the-deaf-vs-spencerville-adventist-academy.htm?c=Trv2Kp4x9EKdJq0e1oDbzw
JR_09-01_PALLOTTI_1,69,mid,JR,2,2018-09-01,Saturday,1,2,1,3,7,True,True,False,1,Pallotti,PALLOTTI,1,False,False,regular,,,W,"25-21,25-18",2,2-0,2,home,False,50,39,0.124,False,False,True,True,False,,,False,False,False,True,2,0,False,True,False,2,0.0,0.0,0.0,0.0,0.0,0.0,0.0,0.0,0.0,0.0,0.0,0.0,0.0,0.0,0.0,0.0,0.0,0.0,0.0,0.0,0.0,0.0,0.0,0.0,0,0,0.0,0,https://www.maxpreps.com/games/09-01-2018/volleyball-18/model-secondary-school-for-the-deaf-vs-pallotti.htm?c=EgDQMP6Z5UKxE5FvP-M4Dw
JR_09-01_CGC_2,70,mid,JR,3,2018-09-01,Saturday,1,0,2,3,7,True,False,False,1,Clinton Grace Christian,CGC,1,False,False,regular,,,W,,3,2-1,1,home,False,0,0,,False,False,True,True,False,,,False,False,False,True,3,0,False,False,True,3,0.0,0.0,0.0,0.0,0.0,0.0,0.0,0.0,0.0,0.0,0.0,0.0,0.0,0.0,0.0,0.0,0.0,0.0,0.0,0.0,0.0,0.0,0.0,0.0,0,0,0.0,0,https://www.maxpreps.com/games/09-01-2018/volleyball-18/clinton-grace-christian-vs-model-secondary-school-for-the-deaf.htm?c=_-Hn1q-o5Uq0RqFsMu-itw
JR_09-01_SETON_3,71,mid,JR,4,2018-09-01,Saturday,1,0,3,3,7,True,False,True,1,Seton School,SETON,1,False,False,regular,,,L,"12-25,14-25",2,0-2,-2,home,False,26,50,-0.316,False,False,True,True,False,,,False,False,False,True,0,1,True,False,False,2,0.0,0.0,0.0,0.0,0.0,0.0,0.0,0.0,0.0,0.0,0.0,0.0,0.0,0.0,0.0,0.0,0.0,0.0,0.0,0.0,0.0,0.0,0.0,0.0,0,0,0.0,0,https://www.maxpreps.com/games/09-01-2018/volleyball-18/model-secondary-school-for-the-deaf-vs-seton.htm?c=atGCfmP2hUy1VbvrAWtceA
JR_09-03_CL_1,72,mid,JR,5,2018-09-03,Monday,1,2,1,1,3,False,,,1,Covenant Life,CL,1,False,False,regular,,,L,"12-25,17-25,8-25",3,0-3,-3,away,False,37,75,-0.339,False,False,True,True,False,,,False,False,False,True,0,2,True,False,False,3,0.0,0.0,0.0,0.0,0.0,0.0,0.0,0.0,0.0,0.0,0.0,0.0,0.0,0.0,0.0,0.0,0.0,0.0,0.0,0.0,0.0,0.0,0.0,0.0,0,0,0.0,0,https://www.maxpreps.com/games/09-03-2018/volleyball-18/covenant-life-vs-model-secondary-school-for-the-deaf.htm?c=CZtNPXZpiUmrFVsoIHCv6Q
JR_09-05_BURKE_1,73,mid,JR,6,2018-09-05,Wednesday,1,2,1,1,3,False,,,1,Burke,BURKE,1,False,False,conference,,,W,"25-9,25-16,25-11",3,3-0,3,away,False,75,36,0.351,False,False,True,True,False,,,False,False,False,True,1,0,False,True,False,3,0.0,0.0,0.0,0.0,0.0,0.0,0.0,0.0,0.0,0.0,0.0,0.0,0.0,0.0,0.0,0.0,0.0,0.0,0.0,0.0,0.0,0.0,0.0,0.0,0,0,0.0,0,https://www.maxpreps.com/games/09-05-2018/volleyball-18/burke-vs-model-secondary-school-for-the-deaf.htm?c=1Cm9G6Pz20emjhgVSKRqkg
JR_09-08_GC_1,76,mid,JR,7,2018-09-08,Saturday,2,3,1,3,6,True,True,False,1,Grace Christian,GC,1,False,False,regular,Fredericksburg Invitational 2018,,W,"25-23,25-21",2,2-0,2,neutral,False,50,44,0.064,False,False,True,True,False,,,False,False,False,True,2,0,False,True,False,2,0.0,0.0,0.0,0.0,0.0,0.0,0.0,0.0,0.0,0.0,0.0,0.0,0.0,0.0,0.0,0.0,0.0,0.0,0.0,0.0,0.0,0.0,0.0,0.0,0,0,0.0,0,https://www.maxpreps.com/games/09-08-2018/volleyball-18/grace-christian-vs-model-secondary-school-for-the-deaf.htm?c=zy-nprt3g0m9hLnq5y_YhA
JR_09-08_SB_2,74,mid,JR,8,2018-09-08,Saturday,2,0,2,3,6,True,False,False,1,StoneBridge,SB,1,False,False,regular,Fredericksburg Invitational 2018,,L,"10-25,22-25",2,0-2,-2,neutral,False,32,50,-0.22,False,False,True,True,False,,,False,False,False,True,0,1,True,False,False,2,0.0,0.0,0.0,0.0,0.0,0.0,0.0,0.0,0.0,0.0,0.0,0.0,0.0,0.0,0.0,0.0,0.0,0.0,0.0,0.0,0.0,0.0,0.0,0.0,0,0,0.0,0,https://www.maxpreps.com/games/09-08-2018/volleyball-18/model-secondary-school-for-the-deaf-vs-stonebridge.htm?c=L9xD3wiE50GbYdoCDbVLxg
JR_09-08_FCHS_3,75,mid,JR,9,2018-09-08,Saturday,2,0,3,3,6,True,False,True,1,Fredericksburg Christian,FCHS,1,False,False,regular,Fredericksburg Invitational 2018,,L,"12-25,16-25",2,0-2,-2,neutral,False,28,50,-0.282,False,False,True,True,False,,,False,False,False,True,0,2,True,False,False,2,0.0,0.0,0.0,0.0,0.0,0.0,0.0,0.0,0.0,0.0,0.0,0.0,0.0,0.0,0.0,0.0,0.0,0.0,0.0,0.0,0.0,0.0,0.0,0.0,0,0,0.0,0,https://www.maxpreps.com/games/9-8-2018/volleyball-18/fredericksburg-christian-vs-model-secondary-school-for-the-deaf.htm?c=2-vXWUZlM0iZyaZnCRkk7A#tab=box-score&schoolid=
JR_09-11_RB_1,77,mid,JR,10,2018-09-11,Tuesday,2,3,1,1,3,False,,,1,Riverdale Baptist,RB,1,False,False,regular,,,L,"11-25,15-25,25-27",3,0-3,-3,away,False,51,77,-0.203,False,False,True,True,False,,,False,False,False,True,0,3,True,False,False,3,0.0,0.0,0.0,0.0,0.0,0.0,0.0,0.0,0.0,0.0,0.0,0.0,0.0,0.0,0.0,0.0,0.0,0.0,0.0,0.0,0.0,0.0,0.0,0.0,0,0,0.0,0,https://www.maxpreps.com/games/09-11-2018/volleyball-18/model-secondary-school-for-the-deaf-vs-riverdale-baptist.htm?c=3O-Bxg3_UkStKV_mObir_A
JR_09-13_SSFS_1,78,mid,JR,11,2018-09-13,Thursday,3,2,1,1,3,False,,,1,Sandy Spring Friends,SSFS,1,False,False,conference,,,W,"25-13,25-11,25-14",3,3-0,3,away,False,75,38,0.327,False,False,True,True,False,,,False,False,False,True,1,0,False,True,False,3,0.0,0.0,0.0,0.0,0.0,0.0,0.0,0.0,0.0,0.0,0.0,0.0,0.0,0.0,0.0,0.0,0.0,0.0,0.0,0.0,0.0,0.0,0.0,0.0,0,0,0.0,0,https://www.maxpreps.com/games/09-13-2018/volleyball-18/model-secondary-school-for-the-deaf-vs-sandy-spring-friends.htm?c=0FXoP1T_pkukrAqKPjs5HQ
JR_09-15_SWW_1,79,mid,JR,12,2018-09-15,Saturday,3,2,1,1,3,False,,,1,School Without Walls,SWW,1,False,False,regular,,,W,,3,3-0,3,home,False,0,0,,False,False,True,True,False,,,False,False,False,True,2,0,False,True,False,3,0.0,0.0,0.0,0.0,0.0,0.0,0.0,0.0,0.0,0.0,0.0,0.0,0.0,0.0,0.0,0.0,0.0,0.0,0.0,0.0,0.0,0.0,0.0,0.0,0,0,0.0,0,https://www.maxpreps.com/games/09-15-2018/volleyball-18/model-secondary-school-for-the-deaf-vs-school-without-walls.htm?c=rQqfNw5pxECNGfKfVVq5Xg
JR_09-18_WCA_1,80,mid,JR,13,2018-09-18,Tuesday,3,3,1,1,3,False,,,1,Washington Christian Academy,WCA,1,False,False,conference,,,W,"25-6,25-15,25-17",3,3-0,3,home,False,75,38,0.327,False,False,True,True,False,,,False,False,False,True,3,0,False,True,False,3,0.0,0.0,0.0,0.0,0.0,0.0,0.0,0.0,0.0,0.0,0.0,0.0,0.0,0.0,0.0,0.0,0.0,0.0,0.0,0.0,0.0,0.0,0.0,0.0,0,0,0.0,0,https://www.maxpreps.com/games/09-18-2018/volleyball-18/model-secondary-school-for-the-deaf-vs-washington-christian-academy.htm?c=txnlzEGwrkWFBM3aMOgOGQ
JR_09-20_BIHS_1,81,mid,JR,14,2018-09-20,Thursday,4,2,1,1,3,False,,,1,Bishop Ireton,BIHS,1,False,False,regular,,,L,"13-25,15-25,25-27",3,0-3,-3,away,False,53,77,-0.185,False,False,True,True,False,,,False,False,False,True,0,1,True,False,False,3,0.0,0.0,0.0,0.0,0.0,0.0,0.0,0.0,0.0,0.0,0.0,0.0,0.0,0.0,0.0,0.0,0.0,0.0,0.0,0.0,0.0,0.0,0.0,0.0,0,0,0.0,0,https://www.maxpreps.com/games/09-20-2018/volleyball-18/bishop-ireton-vs-model-secondary-school-for-the-deaf.htm?c=LdyBEaaPEEyQrcStdGDcTQ#tab=box-score&schoolid=
JR_09-22_RB_1,82,mid,JR,15,2018-09-22,Saturday,4,2,1,6,14,True,True,False,1,Riverdale Baptist,RB,2,True,False,regular,Model Invitational 2018,,W,"25-15,25-21",2,2-0,2,home,False,50,36,0.163,False,False,True,True,False,,,False,False,False,True,1,0,False,True,False,2,0.0,0.0,0.0,0.0,0.0,0.0,0.0,0.0,0.0,0.0,0.0,0.0,0.0,0.0,0.0,0.0,0.0,0.0,0.0,0.0,0.0,0.0,0.0,0.0,0,0,0.0,0,https://www.maxpreps.com/games/09-22-2018/volleyball-18/model-secondary-school-for-the-deaf-vs-riverdale-baptist.htm?c=L4mANmlkLk6CzD58AWzeLQ#tab=matchup&schoolid=
JR_09-22_BULLIS_2,83,mid,JR,16,2018-09-22,Saturday,4,0,2,6,14,True,False,False,1,Bullis,BULLIS,1,False,False,regular,Model Invitational 2018,,W,"25-13,25-19",2,2-0,2,home,False,50,32,0.22,False,False,True,True,False,,,False,False,False,True,2,0,False,True,False,2,0.0,0.0,0.0,0.0,0.0,0.0,0.0,0.0,0.0,0.0,0.0,0.0,0.0,0.0,0.0,0.0,0.0,0.0,0.0,0.0,0.0,0.0,0.0,0.0,0,0,0.0,0,https://www.maxpreps.com/games/09-22-2018/volleyball-18/bullis-vs-model-secondary-school-for-the-deaf.htm?c=3SD-UNh5mEOX8YOLnarH9A#tab=matchup&schoolid=
JR_09-22_SWW_3,84,mid,JR,17,2018-09-22,Saturday,4,0,3,6,14,True,False,False,1,School Without Walls,SWW,2,True,False,regular,Model Invitational 2018,,W,"25-11,21-25,15-8",3,2-1,1,home,False,61,44,0.162,False,False,True,True,False,,,False,False,False,True,3,0,False,False,True,3,0.0,0.0,0.0,0.0,0.0,0.0,0.0,0.0,0.0,0.0,0.0,0.0,0.0,0.0,0.0,0.0,0.0,0.0,0.0,0.0,0.0,0.0,0.0,0.0,0,0,0.0,0,https://www.maxpreps.com/games/09-22-2018/volleyball-18/model-secondary-school-for-the-deaf-vs-school-without-walls.htm?c=lqOwny0Zw0a-06rgbao-Sw#tab=matchup&schoolid=
JR_09-22_MCLEAN_4,85,mid,JR,18,2018-09-22,Saturday,4,0,4,6,14,True,False,False,1,McLean,MCLEAN,1,False,False,regular,Model Invitational 2018,,W,"25-8,25-14",2,2-0,2,home,False,50,22,0.389,False,False,True,True,False,,,False,False,False,True,4,0,False,True,False,2,0.0,0.0,0.0,0.0,0.0,0.0,0.0,0.0,0.0,0.0,0.0,0.0,0.0,0.0,0.0,0.0,0.0,0.0,0.0,0.0,0.0,0.0,0.0,0.0,0,0,0.0,0,https://www.maxpreps.com/games/09-22-2018/volleyball-18/mclean-vs-model-secondary-school-for-the-deaf.htm?c=vbfUz_4fdkasJDsEZa5Aew#tab=matchup&schoolid=
JR_09-22_SIDWELL_5,86,mid,JR,19,2018-09-22,Saturday,4,0,5,6,14,True,False,False,1,Sidwell Friends,SIDWELL,1,False,False,regular,Model Invitational 2018,,L,"9-25,14-25",2,0-2,-2,home,False,23,50,-0.37,False,False,True,True,False,,,False,False,False,True,0,1,True,False,False,2,0.0,0.0,0.0,0.0,0.0,0.0,0.0,0.0,0.0,0.0,0.0,0.0,0.0,0.0,0.0,0.0,0.0,0.0,0.0,0.0,0.0,0.0,0.0,0.0,0,0,0.0,0,https://www.maxpreps.com/games/09-22-2018/volleyball-18/model-secondary-school-for-the-deaf-vs-sidwell-friends.htm?c=V8E-v5TQb0-5SYbGZuxjag#tab=box-score&schoolid=
JR_09-22_MACA_6,87,mid,JR,20,2018-09-22,Saturday,4,0,6,6,14,True,False,True,1,Mount Airy Christian Academy,MACA,1,False,False,regular,Model Invitational 2018,,W,"14-25,25-19,15-8",3,2-1,1,home,True,54,52,0.019,False,False,True,True,False,,,False,False,False,True,1,0,False,False,True,3,0.0,0.0,0.0,0.0,0.0,0.0,0.0,0.0,0.0,0.0,0.0,0.0,0.0,0.0,0.0,0.0,0.0,0.0,0.0,0.0,0.0,0.0,0.0,0.0,0,0,0.0,0,https://www.maxpreps.com/games/09-22-2018/volleyball-18/model-secondary-school-for-the-deaf-vs-mount-airy-christian-academy.htm?c=hU2aP2JC3E-i79LQGtxKMw#tab=box-score&schoolid=
JR_09-27_BOHS_1,88,mid,JR,21,2018-09-27,Thursday,5,5,1,1,3,False,,,1,Bishop O'Connell,BOHS,1,False,False,injured,,,L,"10-25,7-25,3-25",3,0-3,-3,home,False,20,75,-0.579,False,False,True,False,False,,,False,False,False,True,0,1,True,False,False,1,0.0,0.0,0.0,0.0,0.0,0.0,0.0,0.0,0.0,0.0,0.0,0.0,0.0,0.0,0.0,0.0,0.0,0.0,0.0,0.0,0.0,0.0,0.0,0.0,0,0,0.0,0,https://www.maxpreps.com/games/09-27-2018/volleyball-18/bishop-oconnell-vs-model-secondary-school-for-the-deaf.htm?c=AWUtist-nUCY1vJIbDNbdQ#tab=box-score&schoolid=
JR_10-02_CGC_1,89,mid,JR,22,2018-10-02,Tuesday,5,5,1,1,3,False,,,1,Clinton Grace Christian,CGC,2,True,False,conference,,,W,"25-17,25-13,25-10",3,3-0,3,home,False,75,40,0.304,False,False,True,True,False,,,False,False,False,True,1,0,False,True,False,3,0.0,0.0,0.0,0.0,0.0,0.0,0.0,0.0,0.0,0.0,0.0,0.0,0.0,0.0,0.0,0.0,0.0,0.0,0.0,0.0,0.0,0.0,0.0,0.0,0,0,0.0,0,https://www.maxpreps.com/games/10-02-2018/volleyball-18/clinton-grace-christian-vs-model-secondary-school-for-the-deaf.htm?c=zs58NEQ3CEWFAWLCnEqX7A
JR_10-03_SJDS_1,90,mid,JR,23,2018-10-03,Wednesday,5,1,1,1,3,False,,,1,Smith Jewish Day School,SJDS,1,False,False,regular,,,W,"25-16,25-13,25-23",3,3-0,3,away,False,75,52,0.181,False,False,True,True,False,,,False,False,False,True,2,0,False,True,False,3,0.0,0.0,0.0,0.0,0.0,0.0,0.0,0.0,0.0,0.0,0.0,0.0,0.0,0.0,0.0,0.0,0.0,0.0,0.0,0.0,0.0,0.0,0.0,0.0,0,0,0.0,0,https://www.maxpreps.com/games/10-03-2018/volleyball-18/model-secondary-school-for-the-deaf-vs-smith-jewish-day-school.htm?c=lEmjdylP3kasneLg6tCs-A#tab=matchup&schoolid=
JR_10-05_CSDF_1,93,mid,JR,24,2018-10-05,Friday,6,2,1,4,9,True,True,False,1,California School for the Deaf,CSDF,1,False,True,regular,SpikeOut 2018 @ Model,,L,"17-25,11-25",2,0-2,-2,home,False,28,50,-0.282,False,False,True,True,False,,,False,False,False,True,0,1,True,False,False,2,0.0,0.0,0.0,0.0,0.0,0.0,0.0,0.0,0.0,0.0,0.0,0.0,0.0,0.0,0.0,0.0,0.0,0.0,0.0,0.0,0.0,0.0,0.0,0.0,0,0,0.0,0,https://www.maxpreps.com/games/10-05-2018/volleyball-18/california-school-for-the-deaf-vs-model-secondary-school-for-the-deaf.htm?c=uTfrWXjXC0ab2OnZko5ZWQ#tab=box-score&schoolid=
JR_10-05_CSDR_2,94,mid,JR,25,2018-10-05,Friday,6,0,2,4,9,True,False,False,1,California School for the Deaf-Riverside,CSDR,1,False,True,regular,SpikeOut 2018 @ Model,,L,"19-25,19-25",2,0-2,-2,home,False,38,50,-0.136,False,False,True,True,False,,,False,False,False,True,0,2,True,False,False,2,0.0,0.0,0.0,0.0,0.0,0.0,0.0,0.0,0.0,0.0,0.0,0.0,0.0,0.0,0.0,0.0,0.0,0.0,0.0,0.0,0.0,0.0,0.0,0.0,0,0,0.0,0,https://www.maxpreps.com/games/10-05-2018/volleyball-18/california-school-for-the-deaf-riverside-vs-model-secondary-school-for-the-deaf.htm?c=KhNLA8DP6UqZWJwhQMZBqA#tab=box-score&schoolid=
JR_10-05_TSD_3,91,mid,JR,26,2018-10-05,Friday,6,0,3,4,9,True,False,False,1,Texas School for the Deaf,TSD,1,False,True,regular,SpikeOut 2018 @ Model,,L,"10-25,13-25",2,0-2,-2,home,False,23,50,-0.37,False,False,True,True,False,,,False,False,False,True,0,3,True,False,False,2,0.0,0.0,0.0,0.0,0.0,0.0,0.0,0.0,0.0,0.0,0.0,0.0,0.0,0.0,0.0,0.0,0.0,0.0,0.0,0.0,0.0,0.0,0.0,0.0,0,0,0.0,0,https://www.maxpreps.com/games/10-05-2018/volleyball-18/model-secondary-school-for-the-deaf-vs-texas-school-for-the-deaf.htm?c=npmD644d_kyYdOwKEBpoPw#tab=box-score&schoolid=
JR_10-05_MSD_4,92,mid,JR,27,2018-10-05,Friday,6,0,4,4,9,True,False,True,1,Maryland School for the Deaf,MSD,1,False,True,regular,SpikeOut 2018 @ Model,,L,"25-20,15-25,13-15",3,1-2,-1,home,False,53,60,-0.062,False,True,True,True,False,,,False,False,True,True,0,4,False,False,True,3,0.0,0.0,0.0,0.0,0.0,0.0,0.0,0.0,0.0,0.0,0.0,0.0,0.0,0.0,0.0,0.0,0.0,0.0,0.0,0.0,0.0,0.0,0.0,0.0,0,0,0.0,0,https://www.maxpreps.com/games/10-05-2018/volleyball-18/maryland-school-for-the-deaf-vs-model-secondary-school-for-the-deaf.htm?c=c08RkMwexU2tiK_VWEirJA#tab=matchup&schoolid=
JR_10-06_ISD_1,95,mid,JR,28,2018-10-06,Saturday,6,1,1,3,6,True,True,False,1,Indiana School for the Deaf,ISD,1,False,True,regular,SpikeOut 2018 @ Model,,L,"17-25,19-25",2,0-2,-2,home,False,36,50,-0.163,False,False,True,True,False,,,False,False,False,True,0,5,True,False,False,2,0.0,0.0,0.0,0.0,0.0,0.0,0.0,0.0,0.0,0.0,0.0,0.0,0.0,0.0,0.0,0.0,0.0,0.0,0.0,0.0,0.0,0.0,0.0,0.0,0,0,0.0,0,https://www.maxpreps.com/games/10-06-2018/volleyball-18/indiana-school-for-the-deaf-vs-model-secondary-school-for-the-deaf.htm?c=8WC7da7pHk2qQTi6pqm3IA#tab=box-score&schoolid=
JR_10-06_CSDF_2,96,mid,JR,29,2018-10-06,Saturday,6,0,2,3,6,True,False,False,1,California School for the Deaf,CSDF,2,True,True,regular,SpikeOut 2018 @ Model,,L,"9-25,16-25",2,0-2,-2,home,False,25,50,-0.333,False,False,True,True,False,,,False,False,False,True,0,6,True,False,False,2,0.0,0.0,0.0,0.0,0.0,0.0,0.0,0.0,0.0,0.0,0.0,0.0,0.0,0.0,0.0,0.0,0.0,0.0,0.0,0.0,0.0,0.0,0.0,0.0,0,0,0.0,0,https://www.maxpreps.com/games/10-06-2018/volleyball-18/california-school-for-the-deaf-vs-model-secondary-school-for-the-deaf.htm?c=cYqwpxb6d0OyGwpqiIBi0A#tab=box-score&schoolid=
JR_10-06_CSDR_3,97,mid,JR,30,2018-10-06,Saturday,6,0,3,3,6,True,False,True,1,California School for the Deaf-Riverside,CSDR,2,True,True,regular,SpikeOut 2018 @ Model,,L,"14-25,10-25",2,0-2,-2,home,False,24,50,-0.351,False,False,True,True,False,,,False,False,False,True,0,7,True,False,False,2,0.0,0.0,0.0,0.0,0.0,0.0,0.0,0.0,0.0,0.0,0.0,0.0,0.0,0.0,0.0,0.0,0.0,0.0,0.0,0.0,0.0,0.0,0.0,0.0,0,0,0.0,0,https://www.maxpreps.com/games/10-06-2018/volleyball-18/california-school-for-the-deaf-riverside-vs-model-secondary-school-for-the-deaf.htm?c=1pCfPJh37UyyWr-jRRAbDQ#tab=box-score&schoolid=
JR_10-09_RB_1,98,mid,JR,31,2018-10-09,Tuesday,6,3,1,1,3,False,,,1,Riverdale Baptist,RB,3,True,False,regular,,,L,"15-25,19-25,10-25",3,0-3,-3,home,False,44,75,-0.261,False,False,True,True,False,,,False,False,False,True,0,8,True,False,False,3,0.0,0.0,0.0,0.0,0.0,0.0,0.0,0.0,0.0,0.0,0.0,0.0,0.0,0.0,0.0,0.0,0.0,0.0,0.0,0.0,0.0,0.0,0.0,0.0,0,0,0.0,0,https://www.maxpreps.com/games/10-09-2018/volleyball-18/model-secondary-school-for-the-deaf-vs-riverdale-baptist.htm?c=PJGyWueVVUimgHq4hG3jbg#tab=box-score&schoolid=
JR_10-10_OAKCREST_1,99,mid,JR,32,2018-10-10,Wednesday,6,1,1,1,3,False,,,1,Oakcrest,OAKCREST,1,False,False,regular,,,W,"25-18,25-16,25-18",3,3-0,3,away,False,75,52,0.181,False,False,True,True,False,,,False,False,False,True,1,0,False,True,False,3,0.0,0.0,0.0,0.0,0.0,0.0,0.0,0.0,0.0,0.0,0.0,0.0,0.0,0.0,0.0,0.0,0.0,0.0,0.0,0.0,0.0,0.0,0.0,0.0,0,0,0.0,0,https://www.maxpreps.com/games/10-10-2018/volleyball-18/model-secondary-school-for-the-deaf-vs-oakcrest.htm?c=hkGHXMiQwkCN_TmLP32IVw#tab=matchup&schoolid=
JR_10-11_WIS_1,100,mid,JR,33,2018-10-11,Thursday,7,1,1,1,3,False,,,1,Washington International,WIS,1,False,False,conference,,,L,"8-25,12-25,21-25",3,0-3,-3,home,False,41,75,-0.293,False,False,True,True,False,,,False,False,False,True,0,1,True,False,False,3,0.0,0.0,0.0,0.0,0.0,0.0,0.0,0.0,0.0,0.0,0.0,0.0,0.0,0.0,0.0,0.0,0.0,0.0,0.0,0.0,0.0,0.0,0.0,0.0,0,0,0.0,0,https://www.maxpreps.com/games/10-11-2018/volleyball-18/model-secondary-school-for-the-deaf-vs-washington-international.htm?c=rM4IVytEz0ygFaEhEQ9CVQ
JR_10-16_BHA_1,101,mid,JR,34,2018-10-16,Tuesday,7,5,1,1,3,False,,,1,Berman Hebrew Academy,BHA,1,False,False,regular,,,W,"25-8,25-13,25-9",3,3-0,3,away,False,75,30,0.429,False,False,True,True,False,,,False,False,False,True,1,0,False,True,False,3,0.0,0.0,0.0,0.0,0.0,0.0,0.0,0.0,0.0,0.0,0.0,0.0,0.0,0.0,0.0,0.0,0.0,0.0,0.0,0.0,0.0,0.0,0.0,0.0,0,0,0.0,0,https://www.maxpreps.com/games/10-16-2018/volleyball-18/berman-hebrew-academy-vs-model-secondary-school-for-the-deaf.htm?c=0ZG7rpPS9kidPsxOCv2JFw#tab=matchup&schoolid=
JR_10-18_FIELD_1,102,mid,JR,35,2018-10-18,Thursday,8,2,1,1,3,False,,,1,Field,FIELD,1,False,False,conference,,,W,"25-13,25-13,25-22",3,3-0,3,away,False,75,48,0.22,False,False,True,True,False,,,False,False,False,True,2,0,False,True,False,3,0.0,0.0,0.0,0.0,0.0,0.0,0.0,0.0,0.0,0.0,0.0,0.0,0.0,0.0,0.0,0.0,0.0,0.0,0.0,0.0,0.0,0.0,0.0,0.0,0,0,0.0,0,https://www.maxpreps.com/games/10-18-2018/volleyball-18/field-vs-model-secondary-school-for-the-deaf.htm?c=9Y2TSXKnlUOH7p5xzj83Kw#tab=matchup&schoolid=
JR_10-19_BULLIS_1,103,mid,JR,36,2018-10-19,Friday,8,1,1,1,4,False,,,1,Bullis,BULLIS,2,True,False,regular,,,L,"23-25,14-25,26-24,20-25",4,1-3,-2,home,False,83,99,-0.088,False,True,True,True,False,,,False,False,False,True,0,1,False,False,False,4,0.0,0.0,0.0,0.0,0.0,0.0,0.0,0.0,0.0,0.0,0.0,0.0,0.0,0.0,0.0,0.0,0.0,0.0,0.0,0.0,0.0,0.0,0.0,0.0,0,0,0.0,0,https://www.maxpreps.com/games/10-19-2018/volleyball-18/bullis-vs-model-secondary-school-for-the-deaf.htm?c=CBTL9de1rU6ydjYIwywyog#tab=matchup&schoolid=
JR_10-22_SSFS_1,104,mid,JR,37,2018-10-22,Monday,8,3,1,1,4,False,,,1,Sandy Spring Friends,SSFS,2,True,False,conference,PVAC Tournament Quarterfinals,,W,"25-1,25-3,24-26,25-23",4,3-1,2,home,False,99,53,0.303,False,False,True,True,False,,,False,False,False,True,1,0,False,False,False,4,0.0,0.0,0.0,0.0,0.0,0.0,0.0,0.0,0.0,0.0,0.0,0.0,0.0,0.0,0.0,0.0,0.0,0.0,0.0,0.0,0.0,0.0,0.0,0.0,0,0,0.0,0,https://www.maxpreps.com/games/10-22-2018/volleyball-18/model-secondary-school-for-the-deaf-vs-sandy-spring-friends.htm?c=nHgUcvtCZkGaGfn06RSY9Q#tab=matchup&schoolid=
JR_10-29_WIS_1,105,mid,JR,38,2018-10-29,Monday,9,7,1,1,3,False,,,1,Washington International,WIS,2,True,False,championship,PVAC Tournament Championship,,L,"12-25,11-25,20-25",3,0-3,-3,neutral,False,43,75,-0.271,False,False,True,True,False,,,False,False,False,True,0,1,True,False,False,3,0.0,0.0,0.0,0.0,0.0,0.0,0.0,0.0,0.0,0.0,0.0,0.0,0.0,0.0,0.0,0.0,0.0,0.0,0.0,0.0,0.0,0.0,0.0,0.0,0,0,0.0,0,https://www.maxpreps.com/games/10-29-2018/volleyball-18/model-secondary-school-for-the-deaf-vs-washington-international.htm?c=LOqNGbuhOE-1OTwiUK8QDw#tab=box-score&schoolid=
JR_11-06_SWW_1,106,mid,JR,39,2018-11-06,Tuesday,10,8,1,1,5,False,,,1,School Without Walls,SWW,3,True,False,playoff,DCSAA State Tournament First Round,last JR match,L,,5,2-3,-1,neutral,False,0,0,,False,False,True,True,False,,,False,False,False,True,0,2,False,False,True,5,0.0,0.0,0.0,0.0,0.0,0.0,0.0,0.0,0.0,0.0,0.0,0.0,0.0,0.0,0.0,0.0,0.0,0.0,0.0,0.0,0.0,0.0,0.0,0.0,0,0,0.0,0,https://www.maxpreps.com/games/11-06-2018/volleyball-18/model-secondary-school-for-the-deaf-vs-school-without-walls.htm?c=6UCwlLsoc0ipcs1Ww4M2RA#tab=matchup&schoolid=
SR_08-29_MARET_1,107,mid,SR,1,2019-08-29,Thursday,1,296,1,1,5,False,,,1,Maret,MARET,1,False,False,regular,,first SR match,W,"27-25,20-25,25-23,15-25,16-14",5,3-2,1,away,False,103,112,-0.042,False,False,True,True,True,aces;assists,aces;assists,True,True,False,False,1,0,False,False,True,5,11.0,2.2,34.4,32.0,4.0,0.219,3.0,0.6,16.0,1.0,0.0,0.0,0.0,0.0,0.0,20.0,3.0,4.0,24.0,2.0,4.8,14.0,2.8,42.4,33,2,93.9,24,https://www.maxpreps.com/games/08-29-2019/volleyball-19/maret-vs-model-secondary-school-for-the-deaf.htm?c=ZWSY1lY28Ui5v0UQkdb80w
SR_09-03_DCI_1,108,mid,SR,2,2019-09-03,Tuesday,1,5,1,1,3,False,,,1,DC International,DCI,1,False,False,regular,,,W,"25-16,25-19,25-16",3,3-0,3,home,False,75,51,0.19,False,False,True,True,True,total_blocks,,False,False,False,False,2,0,False,True,False,3,10.0,3.3,33.3,30.0,7.0,0.1,2.0,0.7,13.0,0.0,1.0,0.0,1.0,0.3,0.0,14.0,0.0,4.7,12.0,3.0,4.0,6.0,2.0,33.3,18,2,88.9,12,https://www.maxpreps.com/games/09-03-2019/volleyball-19/dc-international-vs-model-secondary-school-for-the-deaf.htm?c=vnGUQ0iSNE-oyNlMWcmh9w
SR_09-05_CL_1,109,mid,SR,3,2019-09-05,Thursday,2,2,1,1,3,False,,,1,Covenant Life,CL,1,False,False,regular,,,L,"18-25,23-25,9-25",3,0-3,-3,away,False,50,75,-0.2,False,False,True,True,True,,,False,False,False,False,0,1,True,False,False,3,5.0,1.7,14.3,35.0,5.0,0.0,0.0,0.0,5.0,0.0,0.0,0.0,0.0,0.0,1.0,10.0,2.0,3.3,12.0,3.0,4.0,0.0,0.0,0.0,6,0,100.0,1,https://www.maxpreps.com/games/09-05-2019/volleyball-19/covenant-life-vs-model-secondary-school-for-the-deaf.htm?c=XppDyalKBEaO1F5pxy-NzA
SR_09-07_BIHS_1,110,mid,SR,4,2019-09-07,Saturday,2,2,1,3,8,True,True,False,1,Bishop Ireton,BIHS,1,False,False,regular,Fredericksburg Invitational 2019,,L,"20-25,14-25",2,0-2,-2,neutral,False,34,50,-0.19,False,False,True,True,True,,,False,False,False,False,0,2,True,False,False,2,5.0,2.5,23.8,21.0,5.0,0.0,0.0,0.0,3.0,0.0,0.0,0.0,0.0,0.0,0.0,6.0,0.0,3.0,7.0,1.0,3.5,0.0,0.0,0.0,7,1,85.7,3,https://www.maxpreps.com/games/09-07-2019/volleyball-19/bishop-ireton-vs-model-secondary-school-for-the-deaf.htm?c=2i4PtaWEmUuMlDlVE65NRg
SR_09-07_HIGHLAND_2,111,mid,SR,5,2019-09-07,Saturday,2,0,2,3,8,True,False,False,1,Highland,HIGHLAND,1,False,False,regular,Fredericksburg Invitational 2019,,W,"25-19,25-27,15-12",3,2-1,1,neutral,False,65,58,0.057,False,False,True,True,True,,,False,False,False,False,1,0,False,False,True,3,7.0,2.3,21.2,33.0,3.0,0.121,0.0,0.0,1.0,0.0,0.0,0.0,0.0,0.0,0.0,21.0,0.0,7.0,20.0,0.0,6.7,2.0,0.7,18.2,11,1,90.9,13,https://www.maxpreps.com/games/09-07-2019/volleyball-19/highland-vs-model-secondary-school-for-the-deaf.htm?c=X8J5gh-oIUy5sRyoxk1a1A
SR_09-07_EPISCOPAL_3,112,mid,SR,6,2019-09-07,Saturday,2,0,3,3,8,True,False,True,1,Episcopal,EPISCOPAL,1,False,False,regular,Fredericksburg Invitational 2019,,L,"21-25,27-25,0-15",3,1-2,-1,neutral,False,48,65,-0.15,False,False,True,True,True,,,False,False,False,False,0,1,False,False,True,3,7.0,2.3,22.6,31.0,8.0,-0.032,0.0,0.0,5.0,0.0,0.0,0.0,0.0,0.0,0.0,9.0,0.0,3.0,13.0,1.0,4.3,3.0,1.0,23.1,13,1,92.3,9,https://www.maxpreps.com/games/09-07-2019/volleyball-19/episcopal-vs-model-secondary-school-for-the-deaf.htm?c=z7WUjmSlxE2k__PRNpRWFg
SR_09-10_SAA_1,113,mid,SR,7,2019-09-10,Tuesday,2,3,1,1,3,False,,,1,Spencerville Adventist Academy,SAA,1,False,False,conference,,,W,"25-21,25-19,25-14",3,3-0,3,home,False,75,54,0.163,False,False,True,True,True,,,False,False,False,False,1,0,False,True,False,3,6.0,2.0,40.0,15.0,0.0,0.4,0.0,0.0,4.0,1.0,0.0,0.0,0.0,0.0,0.0,12.0,0.0,4.0,16.0,0.0,5.3,5.0,1.7,31.3,16,3,81.2,10,https://www.maxpreps.com/games/09-10-2019/volleyball-19/model-secondary-school-for-the-deaf-vs-spencerville-adventist-academy.htm?c=EtNkqAr_CkSDH8Kt_dbdwA
SR_09-12_BIHS_1,114,late,SR,8,2019-09-12,Thursday,3,2,1,1,3,False,,,1,Bishop Ireton,BIHS,2,True,False,regular,,,L,"11-25,13-25,17-25",3,0-3,-3,away,False,41,75,-0.293,False,False,True,True,True,,,False,False,False,False,0,1,True,False,False,3,4.0,1.3,17.4,23.0,2.0,0.087,0.0,0.0,4.0,1.0,0.0,0.0,0.0,0.0,0.0,10.0,2.0,3.3,15.0,4.0,5.0,0.0,0.0,0.0,9,0,100.0,3,https://www.maxpreps.com/games/09-12-2019/volleyball-19/bishop-ireton-vs-model-secondary-school-for-the-deaf.htm?c=HZy5AnNr9Uaasgc2r4pO2Q
SR_09-14_SCA_1,115,late,SR,9,2019-09-14,Saturday,3,2,1,5,11,True,True,False,1,Shalom Christian Academy,SCA,1,False,False,regular,Oriole Classic 2019 @ Maryland,,W,"26-24,25-21",2,2-0,2,neutral,False,51,45,0.062,False,False,True,True,True,,,False,False,False,False,1,0,False,True,False,2,8.0,4.0,30.8,26.0,1.0,0.269,1.0,0.5,1.0,0.0,0.0,0.0,0.0,0.0,0.0,6.0,1.0,3.0,11.0,1.0,5.5,0.0,0.0,0.0,6,1,83.3,2,https://www.maxpreps.com/games/09-14-2019/volleyball-19/model-secondary-school-for-the-deaf-vs-shalom-christian-academy.htm?c=yv6lm6GTPESUIYsRe0GjYg
SR_09-14_MSD_2,116,late,SR,10,2019-09-14,Saturday,3,0,2,5,11,True,False,False,1,Maryland School for the Deaf,MSD,1,False,True,regular,Oriole Classic 2019 @ Maryland,,T,"27-26,24-26",2,1-1,0,away,False,51,52,-0.01,False,False,True,True,True,total_blocks,,False,False,False,False,0,0,False,False,False,2,6.0,3.0,25.0,24.0,2.0,0.167,0.0,0.0,2.0,0.0,1.0,0.0,1.0,0.5,0.0,17.0,0.0,8.5,13.0,0.0,6.5,2.0,1.0,22.2,9,2,77.8,5,https://www.maxpreps.com/games/09-14-2019/volleyball-19/maryland-school-for-the-deaf-vs-model-secondary-school-for-the-deaf.htm?c=JZy_Ujt1k0WRjGKfk_TTCg
SR_09-14_SJCP_3,117,late,SR,11,2019-09-14,Saturday,3,0,3,5,11,True,False,False,1,St. John's Catholic Prep,SJCP,1,False,False,regular,Oriole Classic 2019 @ Maryland,,L,"18-25,16-25",2,0-2,-2,neutral,False,34,50,-0.19,False,False,True,True,True,total_blocks,,False,False,False,False,0,1,True,False,False,2,4.0,2.0,23.5,17.0,4.0,0.0,1.0,0.5,2.0,0.0,0.0,1.0,1.0,0.5,0.0,8.0,0.0,4.0,8.0,4.0,4.0,1.0,0.5,12.5,8,1,87.5,4,https://www.maxpreps.com/games/09-14-2019/volleyball-19/model-secondary-school-for-the-deaf-vs-st-johns-catholic-prep.htm?c=zz-mVFyWi0eZ5kSQmFtHqg
SR_09-14_MSD_4,118,late,SR,12,2019-09-14,Saturday,3,0,4,5,11,True,False,False,2,Maryland School for the Deaf,MSD,2,True,True,regular,Oriole Classic 2019 @ Maryland,,W,"25-18,17-25,18-16",3,2-1,1,away,False,60,59,0.008,False,False,True,True,True,,,False,True,False,False,1,0,False,False,True,3,5.0,1.7,23.8,21.0,0.0,0.238,0.0,0.0,3.0,0.0,0.0,0.0,0.0,0.0,0.0,10.0,0.0,3.3,15.0,2.0,5.0,1.0,0.3,11.1,9,1,88.9,3,https://www.maxpreps.com/games/09-14-2019/volleyball-19/maryland-school-for-the-deaf-vs-model-secondary-school-for-the-deaf.htm?c=6yBlF3an7kquIU0xy9I1Sg
SR_09-14_NL_5,119,late,SR,13,2019-09-14,Saturday,3,0,5,5,11,True,False,True,1,New Life Christian School,NL,1,False,False,regular,Oriole Classic 2019 @ Maryland,,W,"25-12,25-15",2,2-0,2,away,False,50,27,0.299,False,False,True,True,True,,,False,False,False,True,2,0,False,True,False,2,4.0,2.0,33.3,12.0,0.0,0.333,0.0,0.0,1.0,0.0,0.0,0.0,0.0,0.0,0.0,7.0,0.0,3.5,5.0,1.0,2.5,3.0,1.5,30.0,10,1,90.0,8,https://www.maxpreps.com/games/09-14-2019/volleyball-19/model-secondary-school-for-the-deaf-vs-varsity-opponent.htm?c=zTlurXAekU6DPGK1hKcfnw
SR_09-17_WCA_1,120,late,SR,14,2019-09-17,Tuesday,3,3,1,1,4,False,,,1,Washington Christian Academy,WCA,1,False,False,conference,,,W,"25-17,23-25,25-8,25-22",4,3-1,2,away,False,98,72,0.153,False,False,True,True,True,,,False,False,False,False,3,0,False,False,False,4,13.0,3.3,36.1,36.0,5.0,0.222,0.0,0.0,3.0,0.0,0.0,0.0,0.0,0.0,1.0,24.0,2.0,6.0,15.0,2.0,3.8,8.0,2.0,30.8,26,3,88.5,19,https://www.maxpreps.com/games/09-17-2019/volleyball-19/model-secondary-school-for-the-deaf-vs-washington-christian-academy.htm?c=axNdllYxWEurhP6yIAESJA
SR_09-19_BURKE_1,121,late,SR,15,2019-09-19,Thursday,4,2,1,1,3,False,,,1,Burke,BURKE,1,False,False,conference,,,W,"25-11,25-17,25-6",3,3-0,3,away,False,75,34,0.376,False,False,True,True,True,aces,aces,True,False,False,False,4,0,False,True,False,3,7.0,2.3,43.8,16.0,2.0,0.312,2.0,0.7,2.0,0.0,0.0,0.0,0.0,0.0,0.0,2.0,0.0,0.7,4.0,0.0,1.3,14.0,4.7,53.8,26,2,92.3,22,https://www.maxpreps.com/games/09-19-2019/volleyball-19/model-secondary-school-for-the-deaf-vs-varsity-opponent.htm?c=pYtUyF_aB0mHcg6tmNSBEA
SR_09-21_DCI_1,125,late,SR,16,2019-09-21,Saturday,4,2,1,5,11,True,True,False,1,DC International,DCI,2,True,False,regular,Model Invitational 2019,,L,"25-10,24-26,14-16",3,1-2,-1,home,False,63,52,0.096,False,True,True,True,True,total_blocks,,False,False,True,False,0,1,False,False,True,3,10.0,3.3,29.4,34.0,6.0,0.118,0.0,0.0,1.0,0.0,1.0,0.0,1.0,0.3,0.0,6.0,2.0,2.0,17.0,0.0,5.7,1.0,0.3,12.5,8,1,87.5,4,https://www.maxpreps.com/games/09-21-2019/volleyball-19/dc-international-vs-model-secondary-school-for-the-deaf.htm?c=X-FIs7wPTE2Z3BT8LVBJ3Q
SR_09-21_SWW_2,124,late,SR,17,2019-09-21,Saturday,4,0,2,5,11,True,False,False,1,School Without Walls,SWW,1,False,False,regular,Model Invitational 2019,,W,"25-9,25-9",2,2-0,2,home,False,50,18,0.471,False,False,True,True,True,,,False,False,False,True,1,0,False,True,False,2,1.0,0.5,25.0,4.0,1.0,0.0,0.0,0.0,1.0,0.0,0.0,0.0,0.0,0.0,0.0,7.0,0.0,3.5,1.0,0.0,0.5,4.0,2.0,36.4,11,0,100.0,9,https://www.maxpreps.com/games/09-21-2019/volleyball-19/model-secondary-school-for-the-deaf-vs-school-without-walls.htm?c=-73onImFOUOZsDC0-raGlA
SR_09-21_KAA_3,126,late,SR,18,2019-09-21,Saturday,4,0,3,5,11,True,False,False,1,King Abdullah Academy,KAA,1,False,False,regular,Model Invitational 2019,,W,"25-15,25-17",2,2-0,2,home,False,50,32,0.22,False,False,True,True,True,,,False,False,False,True,2,0,False,True,False,2,6.0,3.0,54.5,11.0,0.0,0.545,0.0,0.0,0.0,0.0,0.0,0.0,0.0,0.0,0.0,4.0,0.0,2.0,3.0,0.0,1.5,4.0,2.0,50.0,8,2,75.0,6,https://www.maxpreps.com/games/09-21-2019/volleyball-19/king-abdullah-academy-vs-model-secondary-school-for-the-deaf.htm?c=CA3iSxhjQEOi0PU-wPED6g
SR_09-21_BULLIS_4,123,late,SR,19,2019-09-21,Saturday,4,0,4,5,11,True,False,False,1,Bullis,BULLIS,1,False,False,regular,Model Invitational 2019,,W,"25-18,25-17",2,2-0,2,home,False,50,35,0.176,False,False,True,True,True,total_blocks,,False,False,False,True,3,0,False,True,False,2,4.0,2.0,19.0,21.0,2.0,0.095,1.0,0.5,2.0,0.0,0.0,1.0,1.0,0.5,0.0,7.0,0.0,3.5,5.0,0.0,2.5,6.0,3.0,54.5,11,0,100.0,9,https://www.maxpreps.com/games/09-21-2019/volleyball-19/bullis-vs-model-secondary-school-for-the-deaf.htm?c=KrROSbehPUONbTHtTqXyVQ
SR_09-21_BULLIS_5,122,late,SR,20,2019-09-21,Saturday,4,0,5,5,11,True,False,True,2,Bullis,BULLIS,2,True,False,regular,Model Invitational 2019,,L,"25-18,25-18",2,0-2,-2,home,False,50,36,0.163,False,True,True,True,True,,,False,False,False,True,0,1,True,False,False,2,4.0,2.0,23.5,17.0,0.0,0.235,0.0,0.0,1.0,0.0,0.0,0.0,0.0,0.0,0.0,10.0,0.0,5.0,12.0,0.0,6.0,0.0,0.0,0.0,5,1,80.0,1,https://www.maxpreps.com/games/09-21-2019/volleyball-19/bullis-vs-model-secondary-school-for-the-deaf.htm?c=G9nQB_qrYkSFMXaIJAzBfQ
SR_09-24_FIELD_1,127,late,SR,21,2019-09-24,Tuesday,4,3,1,1,3,False,,,1,Field,FIELD,1,False,False,conference,,,W,"25-23,25-10,25-15",3,3-0,3,home,False,75,48,0.22,False,False,True,True,True,,,False,False,False,False,1,0,False,True,False,3,12.0,4.0,54.5,22.0,3.0,0.409,0.0,0.0,1.0,0.0,0.0,0.0,0.0,0.0,1.0,13.0,0.0,4.3,14.0,0.0,4.7,5.0,1.7,22.7,22,1,95.5,16,https://www.maxpreps.com/games/09-24-2019/volleyball-19/field-vs-model-secondary-school-for-the-deaf.htm?c=oourAhepTEyW0owetGekiQ
SR_09-25_SJDS_1,128,late,SR,22,2019-09-25,Wednesday,4,1,1,1,3,False,,,1,Smith Jewish Day School,SJDS,1,False,False,regular,,,W,"25-10,25-13,25-23",3,3-0,3,away,False,75,46,0.24,False,False,True,True,True,,,False,False,False,False,2,0,False,True,False,3,7.0,2.3,41.2,17.0,4.0,0.176,0.0,0.0,1.0,0.0,0.0,0.0,0.0,0.0,0.0,18.0,0.0,6.0,16.0,3.0,5.3,4.0,1.3,23.5,17,0,100.0,12,https://www.maxpreps.com/games/09-25-2019/volleyball-19/model-secondary-school-for-the-deaf-vs-varsity-opponent.htm?c=WfbD-GDGtU2MfiORyXR9iA
SR_09-27_GTD_1,129,late,SR,23,2019-09-27,Friday,5,2,1,1,4,False,,,1,Georgetown Day,GTD,1,False,False,regular,,,L,"20-25,25-18,9-25,21-25",4,1-3,-2,home,False,75,93,-0.107,False,False,True,True,True,receiving,,False,False,False,False,0,1,False,False,False,4,8.0,2.0,17.8,45.0,3.0,0.111,1.0,0.3,4.0,0.0,0.0,0.0,0.0,0.0,0.0,21.0,2.0,5.3,30.0,4.0,7.5,3.0,0.8,23.1,13,1,92.3,6,https://www.maxpreps.com/games/09-27-2019/volleyball-19/georgetown-day-vs-model-secondary-school-for-the-deaf.htm?c=8QSwh2dDbkuQnPJ8lKOG8A
SR_09-30_SSFS_1,130,late,SR,24,2019-09-30,Monday,5,3,1,1,3,False,,,1,Sandy Spring Friends,SSFS,1,False,False,conference,,,W,"25-8,25-6,25-8",3,3-0,3,away,False,75,22,0.546,False,False,True,True,True,,,False,False,False,False,1,0,False,True,False,3,6.0,2.0,42.9,14.0,2.0,0.286,0.0,0.0,0.0,0.0,0.0,0.0,0.0,0.0,0.0,8.0,0.0,2.7,2.0,0.0,0.7,7.0,2.3,41.2,17,1,94.1,14,https://www.maxpreps.com/games/09-30-2019/volleyball-19/model-secondary-school-for-the-deaf-vs-sandy-spring-friends.htm?c=vXhBTV1b-kCMrbsQbKyk7w
SR_10-04_ISD_1,133,late,SR,25,2019-10-04,Friday,6,4,1,4,9,True,True,False,1,Indiana School for the Deaf,ISD,1,False,True,regular,SpikeOut 2019 @ Riverside,,W,"25-18,25-24",2,2-0,2,neutral,False,50,42,0.087,False,False,True,True,True,,,False,False,False,False,2,0,False,True,False,2,11.0,5.5,36.7,30.0,4.0,0.233,0.0,0.0,1.0,0.0,0.0,0.0,0.0,0.0,0.0,8.0,2.0,4.0,9.0,1.0,4.5,3.0,1.5,37.5,8,0,100.0,5,https://www.maxpreps.com/games/10-04-2019/volleyball-19/indiana-school-for-the-deaf-vs-model-secondary-school-for-the-deaf.htm?c=f9flUAU6O06spxnElldSKA
SR_10-04_CSDF_2,134,late,SR,26,2019-10-04,Friday,6,0,2,4,9,True,False,False,1,California School for the Deaf,CSDF,1,False,True,regular,SpikeOut 2019 @ Riverside,,W,"25-14,25-17",2,2-0,2,neutral,False,50,31,0.235,False,False,True,True,True,,,False,False,False,False,3,0,False,True,False,2,7.0,3.5,28.0,25.0,3.0,0.16,0.0,0.0,1.0,0.0,0.0,0.0,0.0,0.0,0.0,7.0,0.0,3.5,6.0,0.0,3.0,4.0,2.0,57.1,7,0,100.0,5,https://www.maxpreps.com/games/10-04-2019/volleyball-19/california-school-for-the-deaf-vs-model-secondary-school-for-the-deaf.htm?c=5B-gOLdv6UqIHutSwlg3gQ
SR_10-04_TSD_3,132,late,SR,27,2019-10-04,Friday,6,0,3,4,9,True,False,False,1,Texas School for the Deaf,TSD,1,False,True,regular,SpikeOut 2019 @ Riverside,,L,"22-25,11-25",2,0-2,-2,neutral,False,33,50,-0.205,False,False,True,True,True,,,False,False,False,False,0,1,True,False,False,2,2.0,1.0,9.1,22.0,6.0,-0.182,0.0,0.0,0.0,0.0,0.0,0.0,0.0,0.0,0.0,8.0,0.0,4.0,16.0,0.0,8.0,1.0,0.5,14.3,7,0,100.0,4,https://www.maxpreps.com/games/10-04-2019/volleyball-19/model-secondary-school-for-the-deaf-vs-texas-school-for-the-deaf.htm?c=1CZVdjkiLESPmWMPwddQIg
SR_10-04_CSDR_4,131,late,SR,28,2019-10-04,Friday,6,0,4,4,9,True,False,True,1,California School for the Deaf-Riverside,CSDR,1,False,True,regular,SpikeOut 2019 @ Riverside,,W,"22-25,25-23,15-14",3,2-1,1,away,True,62,62,0.0,False,False,True,True,True,,,False,False,False,False,1,0,False,False,True,3,10.0,3.3,41.7,24.0,3.0,0.292,0.0,0.0,5.0,1.0,0.0,0.0,0.0,0.0,0.0,15.0,2.0,5.0,12.0,0.0,4.0,3.0,1.0,23.1,13,0,100.0,8,https://www.maxpreps.com/games/10-04-2019/volleyball-19/california-school-for-the-deaf-riverside-vs-model-secondary-school-for-the-deaf.htm?c=pihzlNYVq0a9p059m_dfLg
SR_10-05_ISD_1,135,late,SR,29,2019-10-05,Saturday,6,1,1,2,4,True,True,False,1,Indiana School for the Deaf,ISD,2,True,True,regular,SpikeOut 2019 @ Riverside,,W,"25-17,25-13",2,2-0,2,neutral,False,50,30,0.25,False,False,True,True,True,,,False,False,False,False,2,0,False,True,False,2,7.0,3.5,25.0,28.0,4.0,0.107,0.0,0.0,2.0,0.0,0.0,0.0,0.0,0.0,0.0,9.0,1.0,4.5,10.0,2.0,5.0,0.0,0.0,0.0,6,0,100.0,3,https://www.maxpreps.com/games/10-05-2019/volleyball-19/indiana-school-for-the-deaf-vs-model-secondary-school-for-the-deaf.htm?c=uxhCmqiCxkuRNURdxgYWrw
SR_10-05_TSD_2,136,late,SR,30,2019-10-05,Saturday,6,0,2,2,4,True,False,True,1,Texas School for the Deaf,TSD,2,True,True,regular,SpikeOut 2019 @ Riverside,,L,"16-25,14-25",2,0-2,-2,neutral,False,30,50,-0.25,False,False,True,True,True,,,False,False,False,False,0,1,True,False,False,2,7.0,3.5,22.6,31.0,5.0,0.065,0.0,0.0,0.0,0.0,0.0,0.0,0.0,0.0,0.0,9.0,3.0,4.5,15.0,2.0,7.5,1.0,0.5,16.7,6,0,100.0,2,https://www.maxpreps.com/games/10-05-2019/volleyball-19/model-secondary-school-for-the-deaf-vs-texas-school-for-the-deaf.htm?c=9lwl75e5H0CKfKiPKkOvmA
SR_10-08_OAKCREST_1,137,late,SR,31,2019-10-08,Tuesday,6,3,1,1,3,False,,,1,Oakcrest,OAKCREST,1,False,False,regular,,,W,"25-13,25-21,25-19",3,3-0,3,home,False,75,53,0.172,False,False,True,True,True,kills,,False,False,False,False,1,0,False,True,False,3,14.0,4.7,50.0,28.0,1.0,0.464,0.0,0.0,2.0,0.0,0.0,0.0,0.0,0.0,0.0,8.0,1.0,2.7,24.0,2.0,8.0,3.0,1.0,30.0,10,2,80.0,4,https://www.maxpreps.com/games/10-08-2019/volleyball-19/model-secondary-school-for-the-deaf-vs-oakcrest.htm?c=L00XN2jRbEC6wBbufPDRRA
SR_10-10_BHA_1,138,late,SR,32,2019-10-10,Thursday,7,2,1,1,3,False,,,1,Berman Hebrew Academy,BHA,1,False,False,conference,,,W,"25-17,25-9,25-7",3,3-0,3,home,False,75,33,0.389,False,False,True,True,True,total_blocks,,False,False,False,False,2,0,False,True,False,3,5.0,1.7,62.5,8.0,1.0,0.5,0.0,0.0,0.0,0.0,0.0,1.0,1.0,0.3,0.0,15.0,0.0,5.0,8.0,0.0,2.7,4.0,1.3,36.4,11,2,81.8,7,https://www.maxpreps.com/games/10-10-2019/volleyball-19/model-secondary-school-for-the-deaf-vs-varsity-opponent.htm?c=9tYDUg4qF0qxW7tK_Ln9KQ
SR_10-12_ROOSEVELT_1,139,late,SR,33,2019-10-12,Saturday,7,2,1,5,11,True,True,False,1,Roosevelt,ROOSEVELT,1,False,False,regular,Tiger Paws Invitational 2019 @ Wilson,,L,"18-25,25-23,12-15",3,1-2,-1,neutral,False,55,63,-0.068,False,True,True,False,True,,,False,False,False,False,0,1,False,False,True,2,5.0,2.5,25.0,20.0,3.0,0.1,0.0,0.0,3.0,0.0,0.0,0.0,0.0,0.0,0.0,16.0,1.0,8.0,8.0,1.0,4.0,2.0,1.0,22.2,9,0,100.0,6,https://www.maxpreps.com/games/10-12-2019/volleyball-19/model-secondary-school-for-the-deaf-vs-roosevelt.htm?c=CXg2zA5gMECXIs3SwzgDtQ
SR_10-12_PA_2,140,late,SR,34,2019-10-12,Saturday,7,0,2,5,11,True,False,False,1,Princess Anne,PA,1,False,False,regular,Tiger Paws Invitational 2019 @ Wilson,,L,"13-25,12-25",2,0-2,-2,neutral,False,25,50,-0.333,False,False,True,True,True,,,False,False,False,False,0,2,True,False,False,2,3.0,1.5,16.7,18.0,7.0,-0.222,0.0,0.0,0.0,0.0,0.0,0.0,0.0,0.0,0.0,3.0,2.0,1.5,15.0,1.0,7.5,1.0,0.5,33.3,3,0,100.0,1,https://www.maxpreps.com/games/10-12-2019/volleyball-19/model-secondary-school-for-the-deaf-vs-princess-anne.htm?c=Wdf7AW-Qs0uZ5kj5J-9Pkg
SR_10-12_MACA_3,141,late,SR,35,2019-10-12,Saturday,7,0,3,5,11,True,False,False,1,Mount Airy Christian Academy,MACA,1,False,False,regular,Tiger Paws Invitational 2019 @ Wilson,,W,"25-18,25-18",2,2-0,2,neutral,False,50,36,0.163,False,False,True,True,True,,,False,False,False,False,1,0,False,True,False,2,7.0,3.5,36.8,19.0,2.0,0.263,1.0,0.5,4.0,0.0,0.0,0.0,0.0,0.0,0.0,10.0,0.0,5.0,10.0,0.0,5.0,2.0,1.0,28.6,7,2,71.4,4,https://www.maxpreps.com/games/10-12-2019/volleyball-19/model-secondary-school-for-the-deaf-vs-mount-airy-christian-academy.htm?c=0jccxebo90SvebpstwJWUg
SR_10-12_KAA_4,142,late,SR,36,2019-10-12,Saturday,7,0,4,5,11,True,False,False,1,King Abdullah Academy,KAA,2,True,False,regular,Tiger Paws Invitational 2019 @ Wilson,,W,"25-19,25-18",2,2-0,2,neutral,False,50,37,0.149,False,False,True,True,True,,,False,False,False,False,2,0,False,True,False,2,7.0,3.5,43.8,16.0,2.0,0.312,0.0,0.0,0.0,0.0,0.0,0.0,0.0,0.0,0.0,13.0,0.0,6.5,14.0,1.0,7.0,0.0,0.0,0.0,7,0,100.0,3,https://www.maxpreps.com/games/10-12-2019/volleyball-19/king-abdullah-academy-vs-model-secondary-school-for-the-deaf.htm?c=4o5xHQERTUCLFvhSNxhPvQ
SR_10-12_MACA_5,143,late,SR,37,2019-10-12,Saturday,7,0,5,5,11,True,False,True,2,Mount Airy Christian Academy,MACA,2,True,False,regular,Tiger Paws Invitational 2019 @ Wilson,,W,"25-18,25-21",2,2-0,2,neutral,False,50,39,0.124,False,False,True,True,True,,,False,False,False,True,3,0,False,True,False,2,9.0,4.5,34.6,26.0,0.0,0.346,1.0,0.5,1.0,0.0,0.0,0.0,0.0,0.0,0.0,9.0,0.0,4.5,11.0,1.0,5.5,1.0,0.5,12.5,8,0,100.0,3,https://www.maxpreps.com/games/10-12-2019/volleyball-19/model-secondary-school-for-the-deaf-vs-mount-airy-christian-academy.htm?c=97D32zj27UyiyV9SIHUNYw
SR_10-15_WIS_1,144,late,SR,38,2019-10-15,Tuesday,7,3,1,1,3,False,,,1,Washington International,WIS,1,False,False,conference,,,W,"25-23,25-17,25-19",3,3-0,3,away,False,75,59,0.119,False,False,True,True,True,digs,digs,True,False,False,False,4,0,False,True,False,3,13.0,4.3,37.1,35.0,3.0,0.286,1.0,0.3,3.0,0.0,0.0,0.0,0.0,0.0,0.0,30.0,0.0,10.0,16.0,1.0,5.3,1.0,0.3,5.9,17,1,94.1,11,https://www.maxpreps.com/games/10-15-2019/volleyball-19/model-secondary-school-for-the-deaf-vs-washington-international.htm?c=g6pJ4R30lkGUr0XSGqZzQg
SR_10-17_BARRIE_1,145,late,SR,39,2019-10-17,Thursday,8,2,1,1,3,False,,,1,Barrie,BARRIE,1,False,False,conference,,,W,"25-9,25-10,25-7",3,3-0,3,away,False,75,26,0.485,False,False,True,True,True,,,False,False,False,False,5,0,False,True,False,3,7.0,2.3,70.0,10.0,1.0,0.6,0.0,0.0,2.0,0.0,0.0,0.0,0.0,0.0,0.0,1.0,0.0,0.3,7.0,0.0,2.3,1.0,0.3,16.7,6,2,66.7,3,https://www.maxpreps.com/games/10-17-2019/volleyball-19/barrie-vs-model-secondary-school-for-the-deaf.htm?c=Y5g55yVQRU2fOo5YKgnw-w
SR_10-18_KAA_1,146,late,SR,40,2019-10-18,Friday,8,1,1,1,4,False,,,1,King Abdullah Academy,KAA,3,True,False,conference,MSSD Homecoming & Senior Night,,W,"23-25,25-14,25-10,25-19",4,3-1,2,home,True,98,68,0.181,False,False,True,True,True,,,False,False,False,False,6,0,False,False,False,4,13.0,3.3,31.7,41.0,5.0,0.195,1.0,0.3,4.0,0.0,0.0,0.0,0.0,0.0,0.0,24.0,1.0,6.0,18.0,2.0,4.5,7.0,1.8,43.8,16,0,100.0,9,https://www.maxpreps.com/games/10-18-2019/volleyball-19/king-abdullah-academy-vs-model-secondary-school-for-the-deaf.htm?c=ff0wp3edSkmUy0ZVzt_rYQ
SR_10-21_MCLEAN_1,,,SR,41,2019-10-21,Monday,8,3,1,1,0,False,,,1,McLean,MCLEAN,1,False,False,opponent forfeit,,,W,,0,0-0,0,home,False,0,0,,False,False,False,False,True,,,False,False,False,False,7,0,False,False,False,,,,,,,,,,,,,,,,,,,,,,,,,,,,,,https://www.maxpreps.com/games/10-21-2019/volleyball-19/mclean-vs-model-secondary-school-for-the-deaf.htm?c=YN2GPO_oJUe9am8W3ZCb_A
SR_10-23_BHA_1,147,late,SR,42,2019-10-23,Wednesday,8,2,1,1,3,False,,,1,Berman Hebrew Academy,BHA,2,True,False,playoff,PVAC Tournament Quarterfinals,,W,"25-9,25-16,25-16",3,3-0,3,home,False,75,41,0.293,False,False,True,True,True,,,False,False,False,True,8,0,False,True,False,3,6.0,2.0,46.2,13.0,1.0,0.385,0.0,0.0,0.0,0.0,0.0,0.0,0.0,0.0,0.0,11.0,0.0,3.7,10.0,0.0,3.3,7.0,2.3,50.0,14,1,92.9,10,https://www.maxpreps.com/games/10-23-2019/volleyball-19/model-secondary-school-for-the-deaf-vs-varsity-opponent.htm?c=4SpEKTKm40mNlVqXSY8llQ
SR_10-28_SSFS_1,148,late,SR,43,2019-10-28,Monday,9,5,1,1,3,False,,,1,Sandy Spring Friends,SSFS,2,True,False,playoff,PVAC Tournament Semifinals,,W,"25-15,25-19,25-8",3,3-0,3,home,False,75,42,0.282,False,False,True,True,True,,,False,False,False,False,9,0,False,True,False,3,10.0,3.3,34.5,29.0,6.0,0.138,0.0,0.0,2.0,0.0,0.0,0.0,0.0,0.0,0.0,9.0,0.0,3.0,13.0,0.0,4.3,9.0,3.0,52.9,17,1,94.1,12,https://www.maxpreps.com/games/10-28-2019/volleyball-19/model-secondary-school-for-the-deaf-vs-sandy-spring-friends.htm?c=seZY-aU7r0O3adxoOvkc0w
SR_10-30_WIS_1,149,late,SR,44,2019-10-30,Wednesday,9,2,1,1,3,False,,,1,Washington International,WIS,2,True,False,championship,PVAC Tournament Championship,,W,"25-18,26-24,25-18",3,3-0,3,neutral,False,76,60,0.118,False,False,True,True,True,kills,,False,False,False,False,10,0,False,True,False,3,14.0,4.7,33.3,42.0,5.0,0.214,0.0,0.0,3.0,0.0,0.0,0.0,0.0,0.0,0.0,13.0,0.0,4.3,14.0,0.0,4.7,5.0,1.7,33.3,15,3,80.0,9,https://www.maxpreps.com/games/10-30-2019/volleyball-19/model-secondary-school-for-the-deaf-vs-washington-international.htm?c=GglwmyeMkEOGgntR9jsatw
SR_11-05_BELL_1,150,late,SR,45,2019-11-05,Tuesday,10,6,1,1,3,False,,,1,Bell,BELL,1,False,False,playoff,DCSAA State Tournament First Round,,W,"25-14,25-14,25-13",3,3-0,3,away,False,75,41,0.293,False,False,True,True,True,,,False,False,False,False,11,0,False,True,False,3,8.0,2.7,53.3,15.0,2.0,0.4,1.0,0.3,2.0,0.0,0.0,0.0,0.0,0.0,0.0,10.0,0.0,3.3,12.0,0.0,4.0,4.0,1.3,44.4,9,3,66.7,5,https://www.maxpreps.com/games/11-05-2019/volleyball-19/bell-vs-model-secondary-school-for-the-deaf.htm?c=VcPx0s5gm0y4-10r8YIcYw
SR_11-06_SJ_1,151,late,SR,46,2019-11-06,Wednesday,10,1,1,1,3,False,,,1,St. John's,SJ,1,False,False,playoff,DCSAA State Tournament Quarterfinals,last SR match; last MSSD match,L,"20-25,20-25,14-25",3,0-3,-3,away,False,54,75,-0.163,False,False,True,True,True,,,False,False,False,False,0,1,True,False,False,3,9.0,3.0,29.0,31.0,4.0,0.161,0.0,0.0,5.0,0.0,0.0,0.0,0.0,0.0,0.0,7.0,2.0,2.3,21.0,1.0,7.0,1.0,0.3,11.1,9,1,88.9,3,https://www.maxpreps.com/games/11-06-2019/volleyball-19/model-secondary-school-for-the-deaf-vs-st-johns.htm?c=eSZ4h7I5E0OFrIple4uZbw
